"province","year","interestrate","pop1776","pop1820","pop1851","pop1880","pop1910","pop1393","pop1580","pop1630","pop1680","coastal_distance","river_distance","river_length","area_sqm","genealogy1911","civilwars","chambermemberp1913","protestantmissinaries1920","disttreaty1897","firms1911","telegraphp_1911","postofficep_1911","distshort","east3"
177,1915,25.8987480902579,203,238,268,286,281,328,2121,3158,1730,11743.5986059718,7672.85540467128,2664.45099398959,10351.2561251409,110,2,2336,424,247,66,94,185,230.588127626106,151.158244162798
269,1922,11.792224240955,209,230,261,285,299,312,2059,3029,1551,3653.27394451015,6257.5973267667,2511.91517587751,13075.1355621032,282,2,3425,259,137,42,158,72,957.864121999592,164.957935316488
200,1930,23.4520235105883,210,235,231,278,296,324,2014,3014,1628,13510.205259081,6338.85188028216,3718.48091020249,13224.1906027775,398,2,2333,487,110,31,45,64,286.773809464648,25.4046570975333
89,1930,15.8889837565366,219,222,243,269,276,306,2083,3082,1649,1797.38726466894,1732.87136014551,2955.52930753445,23939.3426291645,313,2,2846,452,229,68,140,186,953.777285758406,82.8618187457323
119,1923,7.81708049704321,222,223,248,286,277,321,2038,3061,1843,13295.954806963,2357.5210175477,3024.89021759713,17596.4677485172,432,1,765,375,218,23,170,172,808.592908317223,174.317202577367
154,1913,13.6486861112062,213,226,258,259,281,326,2013,3050,1702,9091.67557954788,6621.6495539993,2817.46382278856,20481.6672846209,43,3,964,378,201,91,24,137,801.686557708308,133.159014675766
299,1928,8.04039971902966,233,247,232,278,274,320,2195,3036,1388,14197.9728557635,22.1521663479507,1380.79521576408,18222.3980443086,260,2,1938,382,259,9,97,6,743.721680482849,98.4217931050807
134,1913,16.9033180049155,236,221,263,251,289,306,2155,3125,1825,6248.25613573194,6163.8204054907,3885.17247356474,29424.6882735752,273,0,2869,237,223,39,186,58,678.515540668741,23.4725425485522
220,1930,20.9705595225096,201,229,262,273,305,301,2214,3064,1675,5616.27504299395,1397.03003689647,2366.42769580474,22138.5171241127,68,1,3923,354,269,37,57,166,815.383441280574,73.8149641547352
142,1934,8.94839092064649,239,239,251,276,289,307,2245,3048,1542,13427.5225130841,4651.18414722383,2907.88608917734,23590.501655126,77,0,2834,330,162,63,116,154,832.902076654136,149.447497026995
249,1927,15.9348021405749,212,238,250,267,271,322,2289,3121,1530,6547.90449771099,6081.62885531783,3792.46645034757,13381.1339456588,320,2,3677,392,174,21,197,106,525.181230157614,119.690103223547
272,1924,3.76704352418892,205,229,247,256,291,320,2118,3188,1397,5308.47804970108,4598.98863686249,3151.3024456217,15887.2232725844,417,0,1724,460,209,56,10,4,65.4193134978414,184.345450485125
208,1922,3.01608073990792,207,232,240,265,304,323,2021,3056,1780,7866.47479282692,9916.18582513183,472.634563753381,24636.1877082381,360,1,1872,420,188,57,199,104,404.271522536874,42.3695500940084
210,1926,10.1774297049269,226,221,243,289,307,323,2068,3089,1741,5613.58956503682,3487.45442461222,1219.091532249,12650.95622628,154,1,45,274,117,39,81,133,857.058604713529,38.1921897176653
147,1926,1.16052352800034,224,247,259,264,280,325,2214,3038,1824,6826.06630143709,7214.13812367246,1134.42196346354,25276.2162778527,415,1,2330,337,208,55,65,182,384.539885912091,162.442930229008
98,1928,2.33438635710627,240,227,258,258,305,326,2047,3159,1698,3117.58249998093,4977.3916695267,2557.39807566162,8519.52291675843,308,1,3930,368,224,44,41,61,711.307130288333,36.4941686857492
184,1924,21.7206879106816,231,238,249,270,308,321,2133,3131,1720,8386.37905544601,7090.01584444195,2253.09539307607,18677.2594647482,292,2,947,417,172,22,175,154,88.4171705693007,148.88055222109
62,1923,7.54533792845905,219,242,237,267,293,330,2124,3106,1713,4221.10953368247,27.5155249983072,3466.89053850016,26127.7718655765,116,3,453,350,239,74,149,118,210.24764678441,99.0314249880612
10,1914,29.4339651216287,211,223,230,263,274,303,2216,3103,1614,8174.42903062329,1787.1215636842,1328.40806959663,25605.9953605291,18,2,3260,388,296,39,109,166,504.425222985446,6.19828728958964
262,1936,28.4283606149256,229,234,237,279,296,309,2204,3049,1865,14214.0444845427,9326.8426717259,1582.03725856962,19680.7907905895,151,2,2624,296,123,97,84,28,452.035231050104,168.173314491287
217,1933,6.52635090355761,212,232,257,266,279,303,2118,3166,1560,884.676760761067,9753.60152311623,3979.00814823806,14630.4694830906,346,0,1129,252,164,48,106,101,97.3004060797393,71.3935295119882
225,1928,12.0770125808194,229,229,258,261,276,324,2164,3048,1630,3320.31266880222,6640.57714864612,1209.8852389981,9787.27707522921,241,0,1698,423,162,26,61,107,681.935442844406,33.6514559574425
22,1915,9.30435657198541,214,235,255,286,293,302,2253,3052,1714,5956.49911905639,6333.9193770662,3519.37760450412,11381.9484785199,396,2,1587,390,229,95,99,166,531.9443277549,93.1849179323763
55,1915,23.3679305810947,200,220,268,286,273,327,2187,3087,1657,13146.1679935455,8705.54738678038,499.96817259118,15608.5542007349,321,2,917,342,134,23,164,116,402.494481997564,58.5914871655405
69,1922,7.87698156386614,235,229,249,271,304,330,2161,3121,1655,6224.32791860774,3382.81117146835,605.03040112555,9832.45507348329,2,0,2445,437,255,21,181,94,698.34666326642,82.5077751185745
60,1931,27.8152673584409,207,243,266,268,289,315,2071,3014,1636,6843.11134857126,2360.14175927266,1239.21212580753,7901.93069376983,208,1,3014,395,117,92,10,24,0.209250021725893,173.08140466921
127,1918,20.9609383700881,239,231,265,253,271,318,2182,3055,1723,1234.93878054433,2417.99811832607,931.661508325487,27310.5320415925,110,2,2258,302,297,83,142,75,388.890440342948,2.87233330309391
106,1932,21.4743557407055,228,233,265,256,292,301,2232,3177,1704,10128.9490330964,1654.7674080357,2703.87989267241,19020.663156407,255,1,3743,219,204,15,85,147,373.27941483818,185.254344949499
18,1934,23.1102265366353,200,225,247,258,307,302,2235,3156,1868,1149.46252084337,6203.435852658,2812.30051073479,23481.8749781698,232,1,2777,454,136,72,98,144,806.409495649859,25.7850044872612
207,1928,14.4108220560011,225,224,247,287,297,324,2029,3079,1686,9363.33760153502,4610.74988823384,3723.35688340012,22634.3724073377,204,0,3730,469,132,93,189,70,745.950552402064,74.9590425752103
41,1927,21.731312207412,206,237,235,288,272,311,2203,3012,1423,10120.0602063909,2019.66732973233,3275.12427253183,29899.4296300225,335,0,288,456,231,29,50,55,267.953219357878,71.3217023294419
41,1925,15.2528151965234,217,225,256,277,301,301,2035,3106,1412,14452.039845055,9255.08470740169,3445.70955836913,7232.89530258626,73,1,1498,364,121,72,122,93,900.501150637865,59.5779339782894
59,1931,2.94149503484368,220,221,257,284,271,324,2001,3020,1571,2629.72064316273,6079.759048298,3624.30943754502,13055.6537781376,223,1,3800,318,145,32,141,64,784.326991066337,191.330614080653
34,1931,24.1189658963121,220,242,268,263,275,318,2274,3134,1688,428.752078441903,7019.18365899473,1824.05158522539,12785.3602531832,500,1,2249,382,277,61,199,77,153.063266072422,117.020907346159
237,1934,17.7936069653369,204,224,248,252,310,321,2099,3098,1383,10488.3906373288,4857.12931491435,65.9060194552876,12077.9413857963,319,1,1408,271,248,2,132,9,463.540503988042,66.3146703504026
135,1915,8.62574619892985,208,241,247,274,306,317,2030,3057,1307,9681.19048629887,6461.97759080678,1145.51121011376,21815.1457153726,448,2,2219,437,123,48,12,148,459.506831597537,29.8222460784018
215,1926,25.2399112358689,201,249,236,254,289,328,2120,3084,1594,10023.8526274916,8355.2786661312,2593.12694717431,9218.60353671946,172,2,3509,276,253,29,137,87,233.112501213327,96.8107605352998
40,1921,29.5207485626452,228,225,252,259,291,308,2206,3192,1864,13008.328252472,9587.39647641778,1825.74362658663,8935.99615781568,169,1,3470,270,143,58,67,82,627.994213951752,71.2423699442297
72,1913,8.6105030819308,215,226,252,281,287,315,2026,3002,1704,7861.86784738675,1649.87854426727,2218.0196379777,29295.8502261899,109,1,1951,283,193,40,163,150,468.141074990854,76.3463433366269
67,1925,19.7843585815281,234,225,257,286,293,303,2198,3043,1574,12841.3440962322,8054.25588274375,82.8487735218368,9534.96243571863,223,3,1566,397,211,65,30,69,948.884761892259,146.712118526921
202,1927,8.16547533520497,211,238,269,257,288,313,2291,3061,1441,11783.1254191697,9364.34368835762,982.179871972185,18640.7143727411,373,2,3307,368,178,0,130,143,518.886090489104,20.1418668963015
143,1920,1.68796060467139,227,238,257,255,287,300,2277,3016,1796,4602.64650522731,4317.43448833004,2442.8491053707,28995.5938479397,403,0,1792,330,204,22,88,158,302.663248497993,192.826169542968
202,1921,8.94524678355083,230,222,259,281,292,329,2142,3161,1693,4449.58603475243,1098.21301884949,2627.78349825414,20742.7802216262,457,2,446,408,128,67,12,175,749.054316896945,135.722663160414
184,1917,12.4033654551022,231,238,265,263,295,316,2056,3131,1741,8805.19982194528,4801.30564421415,3023.41310742078,5464.58184951916,113,2,2081,249,248,35,39,66,252.950717229396,147.030243044719
182,1916,21.0052904637996,237,247,245,266,303,312,2128,3169,1486,14128.776305588,3303.54946665466,3915.89834027458,23158.5294834804,276,0,1002,399,149,51,120,101,664.142884546891,16.7142887599766
14,1935,23.9634072803892,237,240,268,255,290,312,2283,3067,1898,7383.01620120183,7967.14916359633,3959.64750822168,5583.32209591754,97,2,3098,294,200,26,79,183,869.144673459232,120.623439317569
174,1912,1.37484025768936,212,249,244,266,274,324,2054,3005,1751,11788.4276085533,9478.41319721192,2111.27964765299,29340.9850809257,442,0,2734,398,285,3,148,60,609.21971546486,43.1101191323251
243,1933,17.9925324844662,230,237,247,261,276,316,2034,3124,1824,4449.58286359906,7998.81994491443,3268.47889318829,14618.9975854941,169,2,3934,435,251,31,26,106,174.052424030378,5.54176419973373
59,1926,5.88246522611007,212,245,253,273,302,309,2092,3138,1305,4799.2264770437,3105.97966890782,594.751378684305,12097.3875583149,482,1,1919,333,246,28,61,141,718.006616458297,163.324387278408
229,1924,1.80023883190006,209,249,241,283,301,308,2061,3197,1900,10467.2262130771,9044.08285394311,367.465302073397,22126.0818548035,50,1,891,306,173,55,199,31,960.639043711126,5.51472255028784
42,1935,16.0507228495553,228,224,248,262,280,330,2040,3176,1349,2580.35881910473,7813.82986577228,2147.18999633798,24621.0857480764,312,0,1973,350,195,95,194,103,724.999505328014,12.8544874023646
279,1925,13.2915569939651,231,236,245,269,288,305,2200,3104,1861,5651.9308174029,1146.69169066474,3547.78567603556,8008.18198593333,172,2,1759,279,259,24,155,172,503.6798089277,153.414276475087
202,1928,15.6175396167673,220,238,244,285,308,320,2033,3184,1485,14288.0211607553,4769.4673598744,2267.45974956313,12571.115612518,315,1,1193,213,243,72,45,41,420.38247268647,73.0424453504384
273,1926,11.4720335996244,202,220,240,268,305,301,2026,3142,1435,13374.7610170394,9232.31296008453,2144.02940548258,18048.0030900799,352,0,3437,419,159,21,99,28,883.342038141564,29.0697753429413
220,1925,21.8483090507798,203,233,230,253,295,322,2272,3046,1563,1993.6581433285,8971.92998090759,3096.8139329995,22451.7211795319,121,1,724,498,188,55,15,183,414.891267428175,117.33755050227
124,1923,10.3869257539045,225,245,249,265,289,317,2232,3099,1461,1709.858214017,4106.71489313245,2602.30401612353,14084.365790477,279,0,640,493,246,40,94,189,487.271712394431,113.56909526512
49,1932,28.7477281766478,203,249,258,257,294,329,2268,3081,1439,6584.56808771007,3761.37170009315,1846.12267285353,17707.9180034343,194,2,2808,286,203,65,43,45,472.954325610772,175.464180950075
3,1920,4.55090261274017,223,229,253,263,277,318,2152,3002,1726,5692.07443390042,1648.87994527817,64.4074021326378,19835.7934376691,245,2,725,412,103,20,167,185,226.515394635499,138.97279179655
299,1924,6.61829420970753,240,225,233,264,303,312,2061,3120,1791,7261.4533896558,4250.206889119,3232.94397802791,9363.95314754918,301,0,3872,432,298,82,194,100,768.667308147997,90.7019648700953
256,1920,2.14428536547348,214,239,230,279,271,313,2283,3156,1472,14164.6340978332,7535.35147989169,3308.01423046039,27119.6796745062,188,1,3920,211,259,67,22,58,114.99914037995,54.6986137982458
110,1917,24.5011085784063,204,224,231,253,283,310,2059,3180,1819,9537.78988681734,1248.06074192747,154.750378860626,7526.57223609276,258,1,2873,244,162,76,165,115,948.33625620231,25.5922564771026
139,1925,7.47289678803645,225,243,267,273,291,318,2214,3162,1537,4701.2613073457,2457.9294049181,837.390888754744,26151.6415001824,477,3,2878,312,205,44,99,67,663.228803547099,175.474169896916
256,1923,9.27467258740216,215,238,232,254,294,327,2155,3159,1510,14435.3790068999,6693.68294533342,3398.69588505477,25731.8002474494,477,1,2963,336,289,2,101,101,720.760082826018,139.321475615725
166,1914,16.5489186558407,236,244,237,253,290,305,2095,3191,1414,2108.6931147147,5928.70605411008,1062.07446967484,6099.58284301683,497,3,60,315,275,5,73,187,856.838070321828,142.18286103569
79,1919,16.1895011882298,204,239,251,289,278,325,2219,3002,1778,10472.091184929,5586.33949607611,1864.14250937756,22897.7058734745,419,0,529,500,202,9,4,26,7.26489583030343,43.8490582630038
246,1934,7.15369374770671,211,248,231,256,288,327,2225,3158,1374,651.645236648619,5855.8948407881,652.66267221421,11388.898944715,138,1,3392,364,205,85,137,55,670.909166801721,130.503465654328
234,1922,18.0644325530156,222,236,232,266,275,301,2037,3180,1440,9318.84574703872,8284.82176177204,1307.26850774605,16091.7817917652,344,2,2209,480,208,53,32,45,141.308326506987,143.415634380654
282,1917,10.4053503943142,226,244,259,260,304,310,2158,3036,1607,7506.40803133138,5921.25287512317,1286.92701235646,8297.31571837328,431,3,2254,391,113,63,179,146,835.657957009971,5.07669090293348
149,1921,17.2454217937775,217,230,245,279,306,315,2089,3007,1514,6720.13860661536,1806.73620430753,1801.01286274148,18370.1680169906,273,1,876,301,157,83,155,57,936.023128917441,159.570112638175
184,1919,15.2777243875898,231,226,233,290,304,300,2179,3196,1628,5252.17755348422,827.363093849272,697.46103328187,29033.6099814158,127,2,3965,250,150,76,99,13,591.10629116185,179.120637429878
13,1935,8.95921973139048,225,221,259,254,273,307,2120,3092,1814,9374.08030265942,3509.81831084937,1922.05701165367,10416.4875124115,383,1,1608,400,298,76,118,54,6.16234238259494,134.306875476614
123,1923,24.5254154899158,239,238,264,264,295,325,2244,3152,1501,14853.1152075157,7309.4064835459,22.0060664485209,23350.5363063887,395,0,1780,214,150,47,136,131,149.091757833958,34.2128400225192
94,1932,11.7694674672093,217,224,232,272,289,330,2200,3166,1364,5978.01219904795,7687.17002123594,661.735042580403,26153.6621383857,325,0,1627,385,158,21,32,137,658.248356776312,69.5057560224086
142,1914,12.9242660508025,228,233,255,261,297,307,2282,3142,1371,6710.32613958232,3646.71660587192,951.671842341311,9426.78712424822,9,2,1413,373,282,67,77,30,871.331415139139,137.786486977711
63,1925,14.8756135308649,221,242,258,286,291,317,2084,3089,1430,14676.1873341165,4207.58908381686,1032.69111301983,20406.8004747387,243,0,1744,286,154,70,179,100,705.618486739695,124.081780016422
23,1934,12.7705060292501,240,223,248,277,298,327,2118,3136,1328,608.289678348228,1669.3610791117,449.962598916609,29790.3458715882,438,0,502,409,143,47,70,14,245.265396079049,136.643157480285
108,1919,26.0508096441627,224,232,233,279,304,327,2164,3082,1779,7732.07296268083,4429.61122142151,1692.79991298681,29479.168333346,224,2,3984,371,157,0,110,104,241.527820937335,101.696124486625
124,1919,23.2916225262452,231,230,242,278,291,311,2048,3150,1681,4200.46283164993,4585.11758130044,1928.19162065862,8248.77453385852,24,2,3487,215,181,45,188,161,64.4839163869619,125.877936230972
218,1935,14.8101101750508,207,238,241,277,289,323,2069,3146,1584,13163.9989104588,2278.27865397558,2271.80669954279,9860.57219677605,314,2,1929,272,130,87,27,196,920.014280360192,163.42781088315
124,1924,10.6878734151833,206,237,256,272,286,303,2172,3074,1801,5731.32259771228,5220.11534543708,1491.62253189832,18612.8898011521,358,2,1291,465,211,97,53,49,150.620555737987,89.9778021033853
98,1932,8.47025707550347,201,231,233,276,279,310,2205,3078,1481,9622.27739626542,7066.56680908054,2469.56104517914,25540.7852889039,55,3,41,241,244,33,38,96,601.268573896959,42.4456167966127
115,1932,11.0723545346409,224,239,233,255,296,326,2137,3062,1579,13361.4600158762,8054.68548554927,383.869854458608,6875.46223751269,401,2,894,345,298,39,49,77,235.066724475473,43.1981464382261
71,1920,15.4239761203062,238,242,235,264,295,319,2249,3119,1625,11965.1069585234,2470.83558700979,3906.38379279058,13874.5055487379,31,2,1528,433,124,76,188,80,93.4642376378179,10.6177496258169
13,1917,10.6948273035232,229,233,246,270,309,303,2284,3119,1675,5560.99639157765,9393.71413784102,1259.00458651362,14425.0871683471,488,0,84,386,270,19,45,15,840.610559098423,172.94363132678
25,1925,12.2402263907716,236,247,255,252,291,303,2298,3036,1873,14976.5439145267,1522.9473519139,3680.40734634036,23507.1755782701,377,2,1406,280,257,65,21,91,928.37669653818,131.732888147235
292,1924,14.0121022129897,216,228,243,289,292,304,2006,3034,1460,6671.33750393987,4778.4335189499,1528.45649876166,22091.7617273517,128,2,561,315,113,38,174,111,256.452062865719,46.6442817822099
11,1919,3.91079062363133,230,227,246,265,304,318,2059,3093,1452,12279.7051607631,7431.92113470286,2993.02654936444,27219.4071975537,377,3,1577,216,114,91,71,95,740.908747306094,19.7215273976326
77,1913,23.5401703806128,201,244,250,265,296,312,2138,3007,1873,6355.7235931512,6894.86007206142,2238.53821732569,27193.1250533089,137,2,492,356,146,56,76,138,378.932533087209,102.704249648377
84,1929,28.0038511692546,234,246,241,275,278,305,2214,3100,1779,13820.3424587846,9092.86629641429,2125.52159428131,13807.0661528036,6,1,108,403,244,32,34,152,205.108842346817,28.7396019790322
132,1918,22.8127103543375,225,227,231,254,305,303,2295,3156,1544,6720.37578653544,6998.42261150479,3505.37470946787,24603.4617954865,162,2,309,307,169,28,98,32,189.29635733366,42.2223630361259
247,1927,20.588757814141,223,223,242,261,272,320,2209,3065,1404,14127.5949880946,5683.46506450325,1943.24418631848,8787.07466297783,235,2,1414,258,158,81,136,75,734.145352384076,93.3648815378547
253,1920,5.11279568565078,219,240,254,270,278,326,2249,3191,1500,14197.6602456998,8980.00619607046,2583.35586071014,27337.1388681699,213,3,1362,379,168,80,133,193,677.986684953794,133.869870426133
233,1922,13.6727131486405,210,242,237,257,289,326,2004,3171,1369,7892.86003564484,2496.12275278196,3728.68621694855,7335.92945733108,117,0,427,342,216,34,162,60,109.973406419158,150.567530980334
10,1932,6.15837292862125,225,239,265,273,277,318,2067,3154,1417,13498.7488912884,4441.19590334594,940.127042913809,29274.1940077394,80,3,1798,420,190,73,59,175,6.46748649887741,150.410653045401
24,1925,24.1366540931631,225,220,256,265,304,312,2281,3092,1871,9456.00773440674,7076.29384705797,2770.05728058517,25993.994892342,330,2,800,383,212,27,90,41,837.007447844371,196.056059747934
289,1916,3.5276279845275,211,231,246,282,306,300,2245,3061,1408,9906.51856991462,5069.85918851569,561.12017622916,12012.4993857462,141,3,1248,303,289,52,1,88,301.324341678992,44.6484087500721
108,1917,19.1664420380257,202,239,249,259,309,311,2218,3027,1404,8348.14741741866,1763.31507507712,2607.39827974932,18459.8235541489,418,3,2355,424,221,64,85,157,310.269889887422,71.0686200298369
286,1913,11.3812996398192,213,250,263,256,300,305,2229,3133,1682,14977.401397191,4282.75997051969,2615.78578810906,15554.7009326983,15,1,1928,340,266,72,65,179,581.902828300372,61.3076295237988
97,1930,27.9891434186138,222,238,263,276,300,304,2014,3148,1800,7326.35716209188,6128.58222331852,2496.17131120991,10277.8924291488,237,2,2242,278,211,14,162,197,829.48384527117,187.38952842541
116,1923,16.1947081559338,225,246,268,250,298,326,2272,3197,1785,13379.7012374271,7329.78345826268,1163.75994060654,24010.1766609587,291,2,3337,248,197,3,139,134,538.496864726767,43.3393157552928
194,1918,21.7228417391889,218,231,247,275,294,303,2141,3076,1302,14083.9946642518,1864.93888497353,1552.57132547209,12378.27688572,274,0,3102,235,169,59,167,50,633.349442388862,25.3253223374486
238,1915,23.1366955547128,239,232,231,263,296,307,2247,3050,1321,10420.118230395,1035.11048480868,2184.76424157387,12386.8085397407,463,1,2082,382,111,78,158,163,477.545243222266,126.349708205089
146,1932,17.4063996428158,234,244,246,280,275,310,2117,3026,1385,1347.52026409842,6816.99173524976,2693.17040958907,26133.3940387703,480,2,617,377,100,73,183,98,271.030113333836,36.6236050613225
182,1917,2.35563267511316,235,229,251,279,276,318,2200,3089,1483,6698.07797530666,8908.72666845098,2764.28349202499,23638.1399689708,251,1,1178,240,289,59,76,186,253.339265240356,186.39320647344
54,1935,21.1207147524692,207,232,242,267,282,314,2284,3030,1649,7340.86042153649,8033.91448222101,2919.231345281,23182.3920283932,227,1,2991,440,130,92,107,36,653.041857527569,7.17196729965508
39,1934,17.2673682898749,207,222,233,251,276,307,2237,3190,1310,8319.71248146147,7348.27141743153,910.75442914851,14316.7748651467,114,2,3735,307,289,16,164,34,660.043847281486,81.0311077162623
114,1915,1.78228415036574,210,234,253,267,299,301,2274,3198,1850,6697.18209654093,6895.85584681481,1647.19073408283,14229.2656598147,304,2,2236,345,187,97,53,161,998.598356964067,51.5382835641503
194,1928,10.4354395042174,214,248,245,289,299,319,2129,3053,1829,228.601904818788,6733.1430921331,2624.72939057974,15043.9860194456,144,2,108,408,198,39,94,108,922.320344718173,40.3565605171025
49,1934,28.9372465710621,214,243,267,268,294,321,2273,3122,1630,4387.74166395888,4177.87567945197,520.47054098919,10275.3225201741,154,1,750,330,236,93,181,63,106.109311571345,35.9969237353653
51,1920,27.0962423316669,206,223,254,277,299,328,2176,3141,1800,10624.6234802529,8022.56938302889,3291.1375464662,29398.2259009499,343,2,3085,413,114,89,169,192,234.885493759066,46.4060922153294
19,1925,24.9940677280538,231,235,253,290,276,326,2175,3172,1837,2061.60125671886,1587.89356006309,1197.00420673005,5316.99952087365,77,2,3049,486,122,53,88,13,64.4367116037756,174.751241179183
184,1919,19.8674865902867,238,230,237,279,291,326,2186,3117,1671,9851.8312338274,2854.22302316874,2500.13982701348,6814.5113659557,12,1,2757,240,237,99,85,67,37.2889768332243,64.1565842553973
6,1925,14.7115076282062,239,239,258,281,299,300,2101,3063,1484,8855.11284694076,2425.94991577789,1673.80575377727,12827.4793806486,185,1,3253,456,245,34,113,28,7.08472030237317,187.509312713519
46,1913,13.0449848142453,236,234,248,256,273,302,2196,3178,1760,5575.92176366597,3335.4960475117,3086.40096259071,19049.9982517213,108,0,1912,313,120,12,140,49,277.533277403563,59.6340970136225
260,1924,21.4926507477649,210,237,235,256,301,312,2260,3019,1783,9838.02246046253,2398.3551049605,2385.25863629533,21496.0890018847,367,0,1270,245,129,65,125,137,197.097074938938,139.529469935223
198,1922,27.4786443749908,222,224,263,259,295,318,2275,3195,1312,13425.8130588569,870.575760491192,2658.94775271416,28952.7441794053,386,2,2934,257,219,7,198,36,863.872948335484,70.0715604703873
273,1934,13.373564142501,235,232,230,257,294,319,2136,3134,1887,10938.3100178093,5301.27335572615,2336.05345156742,11056.2656319235,225,3,2179,245,187,43,49,44,838.775545358658,172.84656628035
158,1934,5.34435707423836,223,236,261,271,302,307,2262,3126,1890,2884.34963556938,1342.49057155102,2285.37358505419,29360.0370071363,226,3,1834,486,238,45,14,79,617.320503341034,185.006276005879
207,1925,26.3125614374876,210,236,237,263,305,310,2010,3038,1797,1600.5556366872,6880.81712462008,161.323913503438,17103.0698413961,109,2,312,274,275,52,87,162,585.306193446741,56.8381304852664
158,1930,3.03652129741386,203,230,246,279,272,304,2283,3107,1553,1817.37244245596,2019.48550995439,1008.27061282238,16282.5966905802,94,3,2829,332,106,77,44,124,906.697918428108,178.799326857552
131,1932,8.70181743102148,215,233,236,278,273,329,2124,3139,1636,2833.19608890451,2370.1789509505,3951.05186612811,20884.1473981738,351,0,503,446,283,20,109,141,814.787301700562,88.1583228707314
192,1913,13.1718363917898,233,237,259,256,272,304,2212,3075,1515,6984.43786706775,3991.1239896901,3419.44155798061,18646.7238306068,201,1,643,432,296,30,103,144,220.230896724388,146.555397380143
112,1923,23.4012823812664,237,223,249,281,306,312,2181,3004,1830,6193.24040017091,5299.62198343128,3720.66382470308,26815.0987522677,102,1,3854,341,152,13,172,105,114.945758832619,55.2977277431637
71,1920,26.9557293611579,207,246,244,275,300,319,2060,3131,1453,7001.98795180768,4277.2668111138,2866.12366558518,19408.2355371211,66,2,333,410,134,62,32,196,538.863078691065,168.779108114541
182,1928,18.0015414047521,216,223,252,280,309,300,2080,3102,1493,7634.06885555014,3411.20650991797,856.371035014745,8463.44463177957,429,1,769,451,300,32,121,105,51.8915315624326,191.466960357502
195,1926,10.5580644768197,227,234,241,272,307,329,2125,3144,1388,1754.38400125131,2543.71293820441,3099.00100846542,25488.1010344252,109,2,260,310,261,19,138,46,674.733669031411,123.557622497901
104,1922,7.12749279430136,219,226,239,276,298,314,2284,3082,1454,5399.28013924509,1922.50393331051,2721.74701089971,10163.9586046804,18,1,2238,203,124,56,46,67,310.412875143811,4.50644930824637
16,1933,29.3069165654015,234,240,262,279,309,308,2001,3111,1496,7996.11391033977,8329.07592644915,2882.06280113198,16027.2914578672,347,1,2474,377,271,25,92,56,212.133768480271,13.1369178649038
65,1933,12.118505556602,229,229,263,254,278,317,2156,3170,1400,11337.17863122,8167.92740952224,3153.61486935522,5188.31150373444,20,2,706,298,283,35,79,43,472.70270017907,5.83436572924256
256,1935,4.20392041280866,214,242,252,257,283,326,2085,3083,1533,14557.9972013365,4380.34162623808,1737.51276013209,23729.4743023813,331,1,735,352,166,80,155,141,864.574131788686,20.8843913860619
152,1926,9.41565943299793,229,225,239,262,289,327,2056,3189,1792,4975.24904902093,2247.85483675078,2125.89050162118,27676.1268684641,239,3,2316,212,249,57,41,115,304.632805520669,40.9384352620691
194,1913,5.17182944668457,229,240,243,280,304,305,2135,3164,1650,5785.88103409857,9402.2577884607,1562.90518737398,29813.5814093985,167,1,3062,482,289,51,171,61,555.519133806229,84.2677247244865
124,1915,14.4639490088448,232,248,246,282,290,305,2141,3147,1858,7970.41565179825,1091.15345636383,369.172882721759,17462.8767662216,96,0,1926,338,293,44,97,82,80.3401730954647,174.8738928698
27,1936,21.5291943345219,216,247,241,261,293,310,2222,3004,1335,5596.93222981878,5331.26557245851,2370.50424156478,29971.9795247074,148,3,43,252,162,42,155,121,865.110121667385,27.9291794169694
241,1926,19.9792704430874,222,248,234,284,290,318,2096,3114,1653,6211.0311712604,9801.68637819588,1152.16335067758,9928.51930903271,112,3,598,497,182,76,191,17,67.5414341967553,12.2676447033882
3,1936,24.569350783946,227,246,253,256,291,307,2235,3017,1458,3978.55076473206,3601.70847270638,3101.01347016869,12958.3445331082,153,0,2322,372,172,18,46,63,236.857413779944,72.18231363222
204,1912,4.3895401917398,232,244,250,257,288,303,2099,3003,1582,1356.01207148284,7944.47277905419,3467.09667768329,17393.3813592885,336,1,836,280,120,62,109,168,227.426140801981,168.52296940051
167,1933,23.8410732080229,213,247,268,280,276,301,2178,3116,1362,1116.59939750098,6980.4796599783,1812.34496149933,8833.43296125531,135,2,3460,283,151,82,152,14,407.522099558264,98.6439264845103
283,1931,23.2696715940256,203,221,239,256,296,322,2200,3020,1866,381.754618138075,7470.53408063948,2642.33648888534,14290.1221243665,462,1,3551,218,181,9,72,189,108.489480568096,69.356698775664
84,1934,25.8310937350616,220,222,260,277,301,318,2165,3034,1448,11244.758265093,2756.93121133372,2700.88463864289,20092.1375025064,95,1,2952,450,194,87,90,154,931.697209365666,188.566210260615
170,1933,6.22746580280364,237,222,235,289,292,311,2156,3015,1673,2075.42105927132,2495.56241557002,1663.75585662434,8069.06125624664,113,1,2650,482,274,1,95,150,350.128286750987,18.8544000964612
246,1919,27.3017566942144,220,240,233,255,280,324,2285,3107,1487,3237.73803189397,2519.93575831875,1479.37527809991,9210.45699040405,246,0,1698,465,258,73,82,10,187.601655721664,15.9067773725837
191,1913,7.47843598551117,208,237,256,290,304,314,2150,3143,1502,4713.60314986669,503.632104955614,3153.00648215692,26056.5156652592,64,3,2063,426,148,94,147,55,146.008400479332,76.6594714485109
156,1920,11.1829664881807,205,246,238,271,296,323,2087,3159,1713,8837.93079061434,4890.47708455473,570.932405062485,15925.1647314522,321,1,261,218,279,2,37,8,255.103580886498,6.34431224316359
128,1933,29.2639327216893,220,239,238,263,271,323,2278,3029,1859,12445.5324118026,6364.01067720726,1296.20664598886,22942.0698084868,407,1,1939,468,182,80,51,159,412.487477995455,159.88459601067
28,1915,13.181416707579,239,225,247,261,301,315,2152,3068,1346,3993.41175681911,3493.48171148449,3020.9827162791,11515.6091121025,431,3,3332,375,123,10,148,126,573.014902882278,188.47864898853
59,1922,20.9570826573763,232,222,254,269,273,310,2187,3096,1618,6784.86534277909,436.751004308462,3869.37668554951,29528.601084603,195,2,2586,371,125,74,119,40,355.774644995108,128.142754873261
21,1924,11.7764247180894,212,243,257,251,305,324,2286,3131,1504,8465.61569720507,3612.81680408865,1975.43105351506,14808.1972624641,303,1,3039,286,175,30,193,158,709.173070965335,60.5201810598373
5,1936,7.14336189744063,224,230,267,261,297,323,2179,3024,1595,8425.20084930584,8351.0330086574,836.252511255443,16637.8990584053,203,2,3442,378,173,60,139,181,722.046290989965,153.860829677433
246,1921,4.70247844839469,223,233,242,260,274,303,2257,3007,1584,11966.2896869704,3046.08950857073,365.34706043778,18984.3979733996,281,1,43,311,174,42,65,191,64.1476640012115,156.98438892141
167,1935,27.8456338306423,225,240,241,251,282,308,2054,3160,1660,14410.3975896724,7264.40512575209,2699.84122572467,9388.58533743769,181,3,179,217,221,24,39,39,320.526964496821,92.8377200383693
213,1923,25.4753082632087,225,224,231,255,299,313,2054,3103,1452,1973.90344692394,9809.51402103528,3392.64587677084,23948.2703863177,13,2,2686,335,251,34,159,162,205.487933941185,37.7703025005758
42,1929,12.8238212640863,206,246,241,277,278,321,2203,3116,1836,9042.24558267742,8154.96285678819,3146.87902547885,13397.1481304616,2,1,1356,278,106,58,133,18,835.97691077739,43.3792153373361
110,1925,13.5720885943156,203,247,234,283,310,316,2068,3178,1681,9.16172401048243,8065.68746687844,1159.94817214785,18772.7175955661,197,1,2950,225,113,20,153,5,937.057427596301,130.594964930788
37,1920,2.8779205752071,209,248,260,283,291,303,2283,3078,1625,9301.96635774337,5498.35878657177,2215.53445568308,10877.3988625035,468,1,1644,436,269,63,105,158,114.606133894995,23.0450182687491
150,1932,4.96967475465499,207,236,252,257,289,307,2270,3142,1303,7474.09842791967,7285.15075985342,373.723653114866,8273.41947704554,458,1,2390,308,103,28,11,116,825.51182131283,117.060698708519
85,1930,22.9754652315751,225,245,255,270,304,329,2085,3058,1401,1285.7852387242,3501.5308088623,213.848902911413,14365.711605642,235,1,1685,476,265,14,148,38,933.448868338019,73.9297490101308
202,1934,29.471983411815,206,235,249,280,289,320,2129,3198,1546,11917.0714309439,2611.2700230442,2258.78732795129,12439.8207536433,419,0,3717,495,153,67,163,6,826.770234387368,114.266065275297
103,1929,16.0295018856414,229,235,248,278,273,304,2254,3010,1457,10512.7165163867,4804.72217546776,1871.77399755688,21696.4677511714,265,2,1580,232,230,15,65,164,512.692966265604,30.0561460200697
254,1916,20.4274982071947,235,250,263,252,278,301,2078,3024,1468,1328.0462671537,7891.85324218124,1405.20534652751,18252.1590567194,283,2,1340,493,180,58,56,150,452.399297617376,193.179192347452
31,1922,23.4749307343736,234,248,242,277,289,301,2254,3130,1397,8801.09258112498,2096.49172844365,1600.07051069988,16967.3893088475,215,3,225,446,292,34,138,26,323.964088223875,16.526202019304
28,1921,3.85629566386342,232,231,255,268,310,312,2039,3186,1581,4578.39123322628,4873.95894015208,2804.94160712464,19153.1830478925,230,2,2711,327,227,3,10,141,155.35121737048,113.977389037609
98,1923,28.6586734612938,208,228,241,282,310,310,2039,3135,1448,2148.84624467231,1143.87845154852,1413.2967974199,16842.0615326613,32,3,2596,476,111,54,89,149,834.958485560492,166.580703947693
169,1913,17.7250694909599,222,231,246,259,276,301,2001,3158,1808,7281.6026955843,9940.13201445341,3152.66933991807,15658.1128318794,47,2,1282,350,248,92,163,125,268.865511985496,102.399983117357
154,1924,28.5804429652635,225,248,232,279,306,317,2276,3106,1870,5219.68772867694,1872.60479200631,3372.29154360946,16202.8683302924,313,2,1425,472,298,26,137,132,423.405145527795,57.5486870482564
115,1918,29.9599999177735,200,223,234,274,273,325,2115,3092,1369,1452.80135446228,8466.37742128223,3673.29761850182,12924.6547771618,86,0,3119,370,174,83,133,17,706.823774846271,110.015965905041
80,1935,6.42731206375174,212,234,268,254,305,320,2022,3176,1800,12228.3915651496,8301.59901641309,3050.39744414156,14269.0875288099,108,1,238,435,256,38,145,63,285.336609696969,198.750903969631
89,1915,4.60898527456447,224,240,242,289,290,308,2020,3067,1489,4784.28806760348,9867.03542293981,361.402753295843,12095.0044610072,117,3,913,243,105,98,72,120,826.175127876922,102.564091188833
298,1918,26.3690117683727,201,236,238,255,274,306,2243,3042,1577,910.488443914801,4305.86979724467,3118.0106242816,5188.58346156776,204,2,1207,242,238,62,84,156,424.203669419512,135.151720466092
90,1916,11.1811670835596,219,233,264,274,302,323,2029,3178,1407,9176.06656090356,7205.88848693296,526.055309872609,22676.8794888631,3,3,3651,301,278,18,71,156,191.458202665672,42.8427524399012
217,1925,17.3363163587637,220,228,257,272,272,322,2235,3031,1512,14366.8860720936,3762.27757427841,473.921807939187,14352.65396256,337,0,3883,328,297,74,101,50,992.447243770584,162.262063426897
191,1934,7.05910409544595,206,232,241,284,283,316,2091,3109,1716,11146.9546530861,6161.37382574379,510.710351627786,28613.4576611221,410,1,1618,264,278,38,141,156,193.01157258451,5.91026865877211
215,1926,18.7305940731894,239,244,253,254,310,302,2169,3039,1745,8363.93857724033,8747.69310699776,2171.80257167434,28769.4559036754,440,1,1143,420,187,49,1,14,29.9707327503711,2.98988958820701
201,1921,14.1660686053801,224,226,244,260,304,308,2241,3023,1841,7957.85711612552,7958.71572569013,3494.55438622041,27235.4792873375,84,1,3687,294,174,66,97,36,680.909315822646,101.803274778649
230,1933,14.6668706098571,228,239,258,269,303,300,2123,3002,1600,11939.4143368118,6000.80019561574,3574.9442363414,6746.15003634244,383,0,3429,446,137,85,129,114,634.334149304777,90.8600213937461
217,1926,5.89080763421953,216,249,251,251,309,315,2114,3154,1374,11214.1819589306,9460.13030828908,3037.50292473473,14938.0329134874,97,2,2124,402,220,91,197,55,210.837007267401,19.074749480933
23,1930,13.6156745825429,236,237,258,268,286,304,2084,3075,1871,1491.99576233514,4892.20089744776,627.906355452724,21603.6287846509,170,2,1050,449,245,90,11,27,472.334746271372,171.695563802496
217,1933,11.7305662063882,203,241,245,276,277,325,2158,3133,1306,10876.9838896114,806.121937930584,2571.46471921355,5245.0805332046,40,1,3107,247,253,69,50,192,210.218710126355,68.8714778516442
260,1925,5.94649679539725,228,244,243,279,282,313,2183,3097,1477,2252.91312206537,2477.77320677415,3707.06106143305,14047.9950595181,46,3,1208,475,292,31,6,183,302.356452448294,7.5044060125947
177,1916,3.35580474161543,224,226,259,267,301,312,2095,3053,1714,14191.7623928748,2030.47701856121,3194.74683284527,8055.5677250959,88,1,1394,477,288,15,86,90,867.665223777294,179.657532414421
200,1932,10.8610031197313,210,234,233,260,299,304,2164,3144,1488,10217.1323087532,8487.80689062551,2638.81699502934,21606.6731093451,159,3,116,318,251,22,177,164,770.381264388561,51.0029954370111
56,1916,25.1932301982306,204,221,264,288,276,307,2108,3153,1353,9307.21990065649,8927.8196869418,3554.31489950977,15626.4493777417,53,3,3324,437,102,77,191,107,737.117727054283,183.703140541911
21,1928,4.94723925879225,233,237,238,286,297,323,2062,3096,1859,9395.85637534037,7413.06459764019,2779.63174541248,6255.65117341466,105,2,641,261,234,15,197,134,139.244792284444,190.780011145398
271,1928,7.20471652015112,222,227,232,265,276,316,2095,3014,1610,14393.2227941696,2124.33758890256,1369.42954779835,27484.0895738453,184,2,3837,240,222,45,44,150,508.124308427796,155.02838594839
157,1915,7.66546666738577,217,239,266,280,302,312,2186,3190,1405,5051.97527236305,7176.53450556099,88.0220518261194,21868.1970622856,209,3,1514,287,138,27,42,86,922.734489198774,89.3196436576545
175,1931,22.3267479417846,227,240,265,256,307,323,2203,3126,1778,283.990910975263,6841.43060352653,1197.75785054313,14932.3935748544,179,0,2594,392,287,45,186,34,507.641915231943,94.9566997587681
61,1913,26.2825517186429,202,224,249,287,292,308,2014,3148,1336,4936.44963135011,3498.66564152762,77.4968672706746,28266.281344695,420,0,1388,447,296,34,95,14,617.204559035599,165.383134223521
82,1917,23.7646281397901,214,250,233,277,292,312,2090,3166,1778,14828.1920200679,1282.69113600254,579.328043051064,18887.7556659281,467,1,757,331,214,98,52,96,701.760285068303,167.874525813386
92,1915,1.82387352571823,213,227,268,286,295,303,2277,3012,1512,7141.27153158188,5098.51442184299,2831.18091366719,18465.0999330916,456,2,1943,271,174,39,28,164,635.422003222629,64.0152944717556
259,1934,26.1182282164227,205,239,261,269,281,306,2241,3096,1717,3596.63479146548,1121.84014404193,1722.7972846874,21372.3116507754,442,1,3282,231,261,92,167,175,831.331552704796,179.005380906165
299,1930,19.2437150068581,221,226,267,262,276,319,2041,3060,1815,13721.0839055479,8051.02784419432,2977.81552422326,14887.6217729412,472,2,3473,278,147,38,34,165,245.454709976912,79.2575102299452
68,1932,19.0968178554904,235,230,251,256,300,313,2282,3121,1388,12809.7219660413,4443.42093076557,510.266013669316,15450.9309807327,122,1,1252,418,112,62,139,122,396.6515569482,4.17719078250229
29,1921,20.8561048472766,220,225,237,252,276,312,2009,3110,1563,10384.6467111725,1568.0630877614,2631.07629335485,15634.6367043443,108,0,3992,455,220,10,192,141,120.700944913551,83.8157595135272
28,1926,26.1649172282778,234,220,237,265,271,310,2002,3142,1532,712.950881570578,1101.05222091079,3819.02697430924,12710.5950156692,417,1,3379,449,294,16,131,137,31.1409898567945,122.649414930493
18,1934,6.73994879238307,238,244,265,278,274,317,2296,3120,1462,1830.46487742104,5198.95920529962,219.154472786468,5245.57482684031,95,3,3520,201,125,68,191,178,579.767393413931,22.2920292522758
160,1922,22.6030353412498,217,232,233,290,284,319,2116,3168,1567,13831.609179033,3099.79737270623,3906.79943040013,18955.311087193,312,2,2479,408,291,9,5,35,132.407907396555,42.8578871302307
42,1925,22.2927276713308,216,248,269,270,307,314,2232,3042,1552,988.721565809101,6773.66555202752,499.85336562153,7173.653250793,488,0,1697,360,173,75,18,54,500.076772877946,75.2902868203819
20,1932,25.2637546434999,227,225,253,254,300,301,2131,3160,1500,10735.5665008072,2653.14231393859,339.803869738244,18766.9629708398,274,2,1768,326,275,67,30,97,918.524668784812,7.84236192703247
229,1925,25.9608368270565,212,243,240,255,306,314,2000,3115,1433,8941.97433139198,2372.68885131925,2734.41629843321,26315.0880299509,151,3,2422,441,144,45,44,179,288.870689459145,93.9629333559424
147,1917,4.36777411145158,231,248,267,257,282,319,2070,3181,1498,11900.5775917321,2927.64047859237,3577.75237420341,13286.5640695672,271,1,2779,394,195,98,102,63,563.416009768844,199.724242230877
258,1916,8.81778291310184,230,231,246,285,293,317,2103,3152,1885,11249.0587471984,2380.71229541674,2828.20640036371,27696.7171998695,92,3,2808,479,133,13,171,162,276.007463224232,32.0388989988714
284,1934,24.5038655372337,207,229,234,265,287,319,2172,3007,1716,13668.6939862557,7936.42628472298,3682.38893291913,7799.97767065652,189,3,2486,305,245,84,86,9,397.027141181752,132.896678568795
107,1928,11.5323135396466,222,234,242,261,294,301,2195,3115,1568,5801.61473946646,9174.68499625102,2453.48854786018,27214.1446254682,384,1,2602,202,151,60,54,41,688.415393698961,49.0363140590489
251,1934,9.06476770620793,211,241,245,253,278,310,2112,3078,1867,2881.48947875015,3092.39365858957,1348.20519571193,26853.9881461766,380,2,316,462,142,78,160,13,349.430527538061,77.0724277477711
242,1914,28.5081653199159,219,238,270,279,308,304,2252,3075,1487,1745.60612998903,5082.53911277279,1578.09509740444,23622.9927290697,276,0,2471,330,295,17,144,101,893.568768631667,188.104079850018
31,1921,16.1224168443587,201,247,245,286,299,303,2005,3098,1304,5819.85513679683,440.903925336897,947.822415241972,15888.444079319,36,2,196,399,198,79,75,3,850.417400710285,70.4104269854724
281,1915,1.99529564729892,230,235,264,251,283,309,2067,3076,1701,10879.7365205828,3791.24148050323,1406.23971475754,10955.5672574788,349,2,1936,225,125,55,143,8,37.5728176441044,40.6381133012474
294,1934,13.8637355775572,211,245,243,283,275,316,2260,3072,1693,742.23903589882,928.623692598194,3528.96739587886,13109.0794003103,128,0,2682,301,199,70,92,37,793.035976123065,182.819094881415
19,1926,14.5638939789496,225,248,237,275,298,307,2229,3176,1542,7302.56065959111,690.775422845036,693.938279584982,11403.0441688374,109,3,158,471,102,0,193,7,297.691221814603,196.084216376767
275,1918,7.03213507845066,231,227,249,269,284,325,2215,3096,1437,3660.03902396187,9692.82646896318,1316.26818895573,19047.9667228647,424,2,3691,301,176,70,135,191,642.117399955168,152.210521139205
78,1924,28.1945814758074,240,221,240,276,308,313,2175,3001,1488,7854.2834369,7518.63868674263,1621.33481232682,16681.8653361406,374,2,115,230,129,3,161,83,889.004651224241,119.98872468248
251,1927,29.1403837865219,234,248,244,268,282,316,2251,3155,1730,6830.09961037897,4496.40090344474,3918.69922733633,29860.2860840037,9,0,3487,460,144,74,84,49,610.331678297371,167.664167610928
96,1931,3.62628625635989,205,239,253,269,282,325,2119,3115,1584,13147.8527246509,4144.89707909524,3158.41443927726,8496.68934941292,298,0,3857,241,209,26,126,94,518.869516206905,34.7670938819647
37,1913,15.2215344780125,211,230,238,285,285,326,2189,3027,1586,578.15404725261,2964.77939002216,940.808151783422,17926.7729527783,237,2,1836,235,205,98,93,103,103.064729366452,37.2456676326692
172,1916,1.79521519690752,213,237,261,260,287,310,2245,3181,1459,14186.3902495243,7727.65075322241,2883.53086197516,12144.5436449721,479,3,1795,429,112,75,8,44,220.994946314022,158.972191391513
294,1920,29.1620113679674,236,240,239,260,289,311,2077,3103,1346,136.558092199266,1488.43525908887,3055.15540719731,20155.3173433058,322,1,2337,456,165,58,192,195,276.961390860379,172.192152170464
284,1917,11.5084127055015,205,250,260,289,293,304,2103,3109,1572,6420.69134744816,4262.21108995378,255.871966064442,20413.7146892026,8,1,2536,443,181,98,60,79,192.228762665763,112.109302543104
48,1935,2.02604478737339,234,229,258,279,287,325,2070,3177,1368,10894.852039637,7065.58136967942,1974.15613894118,10609.1591366567,424,0,1932,336,257,86,105,75,878.976284060627,79.021016554907
253,1925,21.8592414385639,232,246,253,270,278,304,2112,3035,1736,13047.4051914643,9100.66770156845,20.8745439979248,6124.07699343748,402,1,2123,464,283,65,65,145,954.422737006098,14.849621988833
145,1920,14.0616189253051,213,241,253,261,271,311,2288,3141,1606,5364.97705732472,5223.31747924909,700.160371980164,14135.7382771093,492,2,1144,238,217,43,104,105,461.238865042105,82.5050150509924
46,1913,16.0537060641218,226,234,239,279,285,315,2253,3135,1329,8550.24407152086,1703.73131753877,40.1504160743207,19204.6428692993,184,0,2947,473,126,51,22,79,793.066801037639,187.240264099091
50,1925,8.67674930929206,203,245,236,282,299,323,2055,3107,1417,5422.41852963343,614.532697945833,2262.90094244061,17759.0623742435,222,2,1312,290,106,2,40,172,524.121083319187,43.4976500459015
253,1923,6.48534507071599,239,244,243,255,310,305,2188,3189,1605,409.936322830617,4757.3384293355,130.109803637024,22427.4813616648,421,2,388,381,243,41,19,135,526.310097193345,143.647114234045
137,1935,2.98327360372059,237,231,242,273,283,309,2144,3122,1515,13433.2871460356,9495.99772226065,3567.70153690828,21840.1416856796,471,1,1844,347,264,26,170,33,889.784064842388,3.69661906734109
85,1920,3.67700381414033,221,230,242,254,293,329,2115,3141,1360,11069.8008094914,8895.78490285203,1535.00065117376,5066.37420738116,3,0,1605,248,161,17,51,68,216.152206528932,94.4107444956899
34,1922,5.80687540443614,201,232,237,265,276,303,2026,3070,1487,14542.6671404857,1749.14764473215,3438.20310631534,25085.7137155253,382,0,432,412,179,78,33,153,240.420674905181,143.712967354804
90,1915,2.43017056863755,230,233,232,251,286,310,2057,3076,1595,12228.5432042554,5249.64583106339,746.758291560691,14882.4783111922,37,1,2084,273,145,90,60,17,972.337948391214,160.150626534596
279,1930,28.2677512611263,220,247,232,264,290,322,2041,3000,1851,12506.0150620993,6217.10329316556,281.116512047593,28513.7912677601,171,2,2064,316,187,75,110,45,250.920903868973,197.406228166074
160,1922,14.8456971799023,231,232,242,282,272,321,2020,3128,1649,5265.44194319285,4224.36323482543,3331.57650531502,14575.6191236433,263,1,3545,431,194,41,63,46,896.079378668219,66.7787327431142
38,1921,24.0218907259405,226,240,234,288,276,314,2110,3164,1756,4220.82094475627,8301.3734058477,891.908122163732,18716.5497755632,446,0,1582,262,107,8,140,108,733.295230194926,31.5490244887769
180,1925,5.65541694033891,203,234,270,257,288,303,2131,3006,1710,12978.0001065228,5850.38547869772,3803.75598258805,24936.8689092807,309,1,2582,473,283,35,37,41,59.1615461744368,92.167202103883
247,1923,10.485994566232,239,240,258,285,278,304,2195,3118,1441,10728.9673725609,3102.49643865973,3216.5758914547,9501.90583360381,357,3,3957,228,222,96,66,90,48.6024760175496,9.82567588798702
140,1919,7.84971810178831,234,237,244,272,282,317,2058,3023,1360,7943.17993917502,8067.65261571854,2675.64372502733,25307.3097451124,53,2,1673,353,131,32,112,38,389.049099292606,122.666398389265
43,1913,18.6979704992846,211,236,259,285,297,300,2209,3197,1802,149.422658141702,1144.87948827446,2869.7878103517,16282.8288343735,450,3,3809,272,131,51,152,101,729.192683240399,116.105421166867
223,1914,22.880889036227,212,234,249,277,276,314,2046,3042,1851,2511.87519170344,17.0414638705552,1885.1282186294,14180.6055046618,449,3,1524,386,259,69,192,74,29.7329772729427,77.5232786312699
240,1920,18.6709985046182,209,223,235,277,277,313,2198,3098,1507,11100.1660802867,4056.47030798718,626.279068707954,24131.8934608717,340,2,998,491,287,41,44,136,948.096932377666,115.146001847461
98,1916,11.487965476932,226,234,256,279,295,310,2255,3027,1807,170.15837598592,7224.07873719931,364.65271432884,9341.75292612053,269,3,279,377,201,20,174,16,92.3111021984369,110.778718395159
16,1921,2.59492534026504,224,226,230,271,272,317,2035,3048,1361,14489.1171099152,1997.69013794139,2121.02495173924,20713.9037037268,294,2,3483,494,277,24,29,58,166.533645940945,27.9865706339478
96,1924,29.7019474115223,206,221,263,287,310,313,2256,3151,1424,13519.680815516,5226.71785438433,2880.45967381215,13596.1613163818,236,1,2799,468,141,17,1,195,283.362499671057,114.709930075333
196,1929,16.74555139523,211,247,240,278,301,329,2157,3009,1457,7025.15836805105,8919.61843706667,3336.9436117704,24362.8301145509,487,1,1712,498,133,68,198,168,26.4471487607807,118.371466174722
154,1924,14.8759183066431,235,237,269,280,293,323,2098,3102,1556,13448.0179357342,1254.95274318382,3985.99734185729,12174.911146285,6,1,2616,262,138,5,1,17,342.98899397254,25.5112254526466
154,1913,2.73870718595572,222,238,268,278,310,317,2293,3186,1447,13945.5515623558,2542.80420485884,736.143219377846,20118.6325994786,455,1,1596,220,262,0,196,53,214.634662494063,10.5398090556264
159,1932,14.9409657006618,200,225,247,281,280,304,2284,3083,1480,5621.23353942297,9345.15233384445,2822.19443067908,29603.8821234833,238,1,874,236,208,34,71,48,933.717755135149,78.912854893133
225,1928,26.4401097765658,205,239,238,287,287,330,2260,3188,1649,2711.02857892402,1490.49284867942,787.788274704944,28820.7371148746,171,2,3314,393,202,97,106,3,998.456255998462,114.489072235301
81,1915,25.5655828716699,219,233,265,288,288,310,2275,3114,1468,3380.84571878426,6668.37438941002,2248.34582627052,18050.0776285771,6,0,3672,491,204,3,179,11,213.715616846457,74.7387791518122
18,1935,29.9806454956997,218,245,265,264,284,306,2293,3023,1818,9423.14039566554,1414.74254662171,2657.19806540059,20198.8740020897,9,3,2164,398,288,82,56,76,195.572833530605,60.4544386733323
187,1916,12.7624424553942,228,228,252,267,288,328,2188,3170,1364,13225.2994074952,2602.04537771642,2718.91729528783,29779.7283460386,317,2,2214,482,171,99,52,114,215.927056968212,118.006730917841
67,1923,11.3912373774219,236,238,233,256,272,301,2123,3090,1687,5960.5710755568,2874.38811967149,690.765308951959,12017.9476519115,33,1,1145,342,280,4,28,77,805.049129994586,124.155514314771
206,1934,11.1335886595771,208,247,252,268,293,324,2034,3037,1543,14620.6221787725,5540.46593606472,2889.07585225301,28927.0668127574,417,1,3589,288,136,2,70,87,765.468995086849,131.621718360111
208,1914,9.2032944012899,205,228,266,270,278,319,2043,3019,1300,1398.16609793343,9186.14242924377,1696.27072196919,25101.8181978725,298,2,634,337,123,44,106,80,964.05562851578,140.367538202554
175,1913,6.77574322139844,215,235,257,272,285,319,2016,3131,1675,12958.7450064719,2492.47768195346,3584.70867492259,9692.76272924617,340,2,1677,310,155,14,96,96,264.029501471668,184.714067168534
112,1916,14.7668572606053,204,232,240,259,309,320,2128,3059,1678,6643.32215907052,9556.33112462237,1470.56418830063,13145.0948026031,300,1,3458,213,142,84,33,12,227.645135484636,189.711857121438
220,1916,10.7623378932476,237,237,231,284,286,310,2015,3112,1717,7335.20179870538,7107.98438871279,2857.46812937316,26274.4438962545,154,1,893,237,290,73,74,22,920.320516917855,134.096415201202
74,1923,14.2693348266184,208,236,235,282,296,326,2131,3149,1765,513.213170925155,6774.43352527916,3877.42588671157,5172.86635702476,423,2,2889,381,150,57,162,162,676.202905829996,110.975440545008
199,1920,29.4781206755433,202,229,237,260,300,313,2090,3050,1721,14588.5956496932,3918.15568786114,3810.94375244807,24970.6126993988,263,2,3730,383,115,79,95,55,767.544275848195,146.941626770422
34,1922,5.99157772981562,208,240,238,285,302,325,2255,3031,1393,9004.36024996452,1009.96978348121,489.690724795219,25877.1990670357,446,1,1141,310,172,6,199,153,566.283906344324,42.8258405998349
270,1932,14.5448627714068,213,244,230,269,289,301,2181,3009,1749,6256.47901324555,937.841106206179,3057.18131330563,5250.88170659728,436,2,3645,206,282,70,61,70,622.658236417919,55.0586258526891
232,1923,22.7172643414233,236,222,243,274,288,309,2095,3067,1472,3579.94745951146,9147.1843724139,1285.56196954567,13933.8126825169,268,2,1036,319,279,51,118,154,484.427723567933,139.403542596847
146,1918,11.0006609719712,221,220,254,253,271,319,2145,3031,1562,13225.8023391478,476.349066011608,2474.69865567749,11814.4562363159,329,2,2549,210,206,79,178,164,738.808315712959,148.712008539587
145,1926,12.1343050457072,220,242,250,289,282,320,2092,3158,1302,8173.41490415856,6586.44787268713,1653.61508060712,5188.12511698343,11,2,1991,218,205,77,195,162,253.434047102928,163.840214814991
65,1930,14.8081042442936,222,220,240,282,304,307,2132,3171,1845,2989.75011566654,5931.04859348387,2311.91213923041,16766.2502394523,458,2,649,402,300,53,74,172,441.89685722813,166.119713243097
164,1933,2.75095471856184,237,248,257,262,289,306,2073,3049,1587,5663.9245909173,4943.90848325565,3116.26191519899,5402.9830743093,390,0,3647,444,142,36,82,125,848.689157515764,179.892842052504
197,1916,9.85638744966127,220,239,252,278,290,306,2192,3104,1539,4807.52269970253,9800.04034936428,2694.80103142327,28435.0642131176,257,0,3380,247,158,37,12,187,605.147395282984,56.9908931385726
144,1935,19.4519850588404,238,225,264,260,273,321,2083,3003,1507,14705.8388369624,1391.38331869617,3694.30484976387,9354.50309887528,312,3,1687,410,280,62,135,19,334.941701032221,125.447266362607
84,1914,24.3749212713446,236,247,244,275,303,311,2041,3122,1482,5879.13732742891,389.007176272571,3173.93171016593,12354.8307118472,138,1,3013,297,247,7,106,4,672.228042501956,98.9857765380293
162,1917,15.9368516087998,210,230,247,251,272,326,2192,3028,1851,3312.24252702668,6588.56795169413,2226.86860844726,7643.64907052368,102,1,498,425,157,78,115,124,847.101961728185,113.382297800854
145,1913,5.41043429006822,207,239,251,255,304,316,2215,3084,1649,2355.27209937572,6036.38726519421,3921.87042823527,28342.9750835057,68,2,1653,455,208,72,145,7,686.53061776422,125.421059597284
138,1924,28.8882377643604,206,244,256,285,286,313,2026,3160,1778,14557.0027688518,3587.20100484788,3273.75979176257,17210.2639114019,271,1,962,327,174,30,124,56,544.503036187962,151.776776462793
135,1918,25.4817185138818,204,243,258,270,302,328,2282,3133,1724,12057.7722473536,3889.88623395562,909.078904376365,21240.7757074106,490,3,2472,302,299,74,150,95,735.210798913613,3.18653229624033
194,1924,23.0243605491705,206,248,260,280,300,320,2288,3156,1755,2871.32606143132,5283.13723159954,3979.316265909,16061.784857884,57,1,1707,277,132,18,180,170,374.742794083431,168.764485931024
5,1918,4.64211548469029,234,244,268,272,279,322,2112,3093,1748,8925.50994060002,1369.86058438197,2517.60608607205,20881.8338648416,259,2,783,243,204,58,148,158,948.398888111115,14.2675426788628
84,1925,25.1404488510452,214,247,262,285,275,327,2194,3070,1556,39.3591541796923,6619.40236575902,3079.49853703612,18023.033645004,405,2,2356,227,106,44,31,52,299.104143632576,198.965880321339
178,1916,22.9767290200107,224,240,268,265,288,310,2131,3059,1374,3741.88873451203,2832.81676238403,3846.76006926224,15970.9012089297,2,1,3662,402,255,68,134,126,715.356046333909,154.994867928326
77,1921,12.6408046786673,205,230,263,280,291,315,2085,3091,1569,6765.86980232969,130.153989885002,1543.49788304651,21123.584768502,448,2,2964,487,269,92,192,138,233.608831418678,93.0225334595889
123,1924,22.4748314486351,228,250,263,268,272,317,2090,3083,1641,1583.43160757795,3669.98351179063,2934.97554067057,16474.9231259339,318,1,2833,450,267,65,184,133,114.724240032956,52.8518962208182
107,1917,18.3972468520515,209,238,260,259,294,310,2254,3081,1578,8220.32734402455,7130.05979079753,3750.00400449149,23835.3374658618,106,0,2715,260,219,62,121,64,226.731255883351,121.916506299749
254,1916,24.2154729932081,234,238,237,251,275,320,2075,3139,1396,6411.00978129543,4769.5647738874,1212.09804110229,14535.909385886,309,0,1376,431,219,60,119,69,418.31227671355,134.816798940301
227,1927,2.67560538602993,209,222,261,284,308,303,2035,3126,1597,7369.9894035235,8534.97058153152,593.905191249214,11109.6768477,434,3,304,228,281,22,197,167,729.375676019117,9.66612999327481
35,1929,6.11582926707342,209,224,251,277,283,301,2226,3100,1483,8563.69956163689,2616.77708476782,2254.08927759388,21436.4297350403,320,3,1362,285,212,12,178,198,883.230252889916,24.3784090969712
224,1920,19.4181392758619,237,249,262,282,279,319,2068,3177,1518,12643.0792396422,5333.63746944815,1112.844301851,16508.904787479,374,2,917,210,174,65,94,33,671.316285151988,184.994134120643
37,1919,8.58991581504233,232,224,230,278,279,309,2073,3035,1409,14626.7901698593,2949.05310496688,597.22148897592,12827.8143424541,463,2,2534,419,253,35,183,66,860.071633709595,41.8973475228995
283,1926,21.4158034913708,239,220,256,273,283,317,2088,3169,1524,13620.1936122961,6094.18915351853,643.919798464049,25981.707359897,220,2,2395,434,107,37,119,37,253.74744203873,145.733838854358
135,1917,14.8131051247474,240,221,256,260,301,312,2229,3043,1305,8537.75295778178,1578.25859263539,3855.95731039299,13270.4333297443,187,1,238,331,107,83,20,34,374.085667775944,181.776171084493
27,1916,27.1159749394283,204,221,264,273,301,311,2010,3183,1599,14500.2655684948,4727.16103540733,3655.44338728301,5068.44956660643,380,2,759,377,156,19,78,67,856.882439460605,91.4696105755866
73,1924,20.5220871977508,228,227,259,265,296,321,2013,3155,1828,5348.89058559202,807.725391350687,738.203474120237,27157.6224896125,210,3,2508,203,275,56,150,17,424.162043491378,167.472626036033
193,1936,27.3145655279513,227,221,252,251,293,323,2189,3071,1550,3254.51963581145,9832.61244138703,173.427785397507,17328.5707028117,142,2,322,344,127,90,80,115,34.9025048781186,12.1991958934814
260,1923,29.5931035531685,234,236,265,283,291,313,2172,3027,1769,4652.75829657912,4894.85471043736,1212.71732447436,12289.9744147435,358,2,3135,242,243,4,76,198,998.155071400106,80.3470944985747
72,1934,1.73832995048724,214,235,263,251,302,302,2054,3153,1367,2653.1292765867,4434.25398785621,1654.04131711228,23457.3167469352,289,2,874,221,286,70,55,87,873.974810121581,146.304118493572
39,1935,11.7927922671661,202,236,244,268,295,309,2007,3089,1420,9885.33303374425,3579.58459528163,1784.16119749192,24993.5558950529,209,1,2798,287,121,16,35,84,757.237088633701,155.431340541691
85,1927,1.49103159713559,221,225,254,280,290,321,2098,3063,1451,1467.46504702605,2957.45559735224,174.248162584845,15925.6727329921,485,2,1057,221,248,87,35,14,715.634662425146,140.040452778339
21,1916,16.6232699824031,212,228,231,286,287,315,2073,3006,1334,12874.5938627981,8431.75309011713,620.745758675039,20495.5097648781,98,1,2263,367,218,12,197,193,213.020561262965,136.711366986856
193,1936,12.9366049796809,239,242,238,255,293,314,2157,3145,1326,13610.5651140679,4288.49710151553,3213.31911624875,16790.5255232472,63,2,3057,419,110,96,76,123,513.802588917315,194.068265985698
8,1919,6.97630072035827,215,240,249,274,278,329,2165,3115,1464,2385.54806797765,2915.94047332183,1771.24600145966,7736.56530189328,115,1,1859,374,239,54,55,36,205.056167207658,78.0346448067576
186,1925,20.0792501391843,217,229,234,279,306,323,2031,3099,1611,4433.25347732753,3199.13294399157,1557.42889343528,27166.6430006735,330,1,3205,234,115,31,87,25,781.245795078576,9.18251965194941
71,1929,20.6948055650573,233,243,260,251,278,319,2138,3048,1476,419.064634479582,3426.25367222354,2188.99007392582,20056.71904888,373,1,2514,418,290,17,169,143,491.509514162317,185.299169225618
64,1928,22.77903781645,211,222,268,281,279,326,2266,3098,1303,2841.55630739406,4392.00145658106,340.545021365397,14928.9756326471,237,2,2037,221,116,34,82,198,540.246771881357,167.647842736915
58,1934,22.3935983392876,209,248,270,253,294,309,2124,3020,1474,11464.5617210772,9993.96736267954,2062.48256639112,28286.3964338321,271,3,2470,239,169,60,116,11,866.431646747515,39.5715944934636
285,1918,13.413985919673,233,226,237,254,302,314,2120,3103,1530,11716.4724867325,1131.89948257059,1464.00354716927,15046.2024682201,64,3,298,405,208,53,132,104,817.458427045494,173.450046731159
75,1915,27.017064308282,204,244,263,259,303,329,2276,3020,1698,13281.2771340832,251.05255888775,2591.84271571692,11650.4260583315,365,2,604,332,286,55,63,111,762.585936114192,14.2184917349368
55,1935,14.5341696371324,225,240,265,286,285,316,2198,3101,1729,1827.20149867237,5157.98592474312,406.481961407699,9402.49039093032,198,3,1067,226,207,10,179,98,515.475155087188,13.9803283382207
68,1918,25.049710097257,220,233,238,281,290,316,2291,3125,1339,13545.992950676,2222.89960598573,1346.42378138611,24783.1463476177,218,3,2997,367,177,39,44,63,136.858746409416,171.630455227569
225,1924,25.6959684451576,219,246,249,286,289,322,2190,3182,1816,11548.5319658183,195.47947216779,1380.89085200801,14788.5627998039,16,1,2592,241,185,45,197,21,87.6702021341771,153.935211244971
217,1913,21.0915495781228,222,234,230,287,306,311,2004,3134,1507,11265.1831540279,6632.90782598779,2173.32426614361,18227.8462813701,136,1,2930,451,251,11,22,118,538.225331809372,39.9775605183095
244,1933,25.1186506443191,208,224,268,251,291,315,2237,3069,1336,10614.7513200995,7792.13245259598,2964.15595388273,17187.5925164204,420,3,1816,478,231,65,97,38,96.4901205152273,64.2378649674356
276,1918,25.0119534370024,221,222,238,254,301,303,2063,3136,1415,2859.67470961623,3978.42371137813,3242.49334514607,15442.1573807485,423,2,2435,310,168,60,57,159,742.54413601011,57.9489333089441
287,1927,7.27044259360991,226,222,264,273,287,329,2135,3062,1612,1002.32011405751,6342.90559682995,1050.90888384962,17658.8394399732,142,0,2208,457,280,54,10,63,631.371310679242,127.171684429049
19,1921,23.5524460559245,212,236,261,258,291,314,2190,3048,1348,879.429189953953,3499.16019011289,1884.96386467945,28919.6902315598,92,3,1720,308,146,15,147,199,238.428513053805,70.5190673470497
6,1920,5.10897264629602,209,227,268,260,300,320,2158,3186,1500,4383.51059099659,1394.65588377789,395.981863413472,16230.0113774836,38,2,3878,333,175,63,200,130,4.02476801536977,3.46251176670194
105,1920,12.2563618503045,219,244,240,284,275,323,2027,3140,1763,12276.8152272329,3836.53145749122,346.815441900399,26757.0915236138,44,2,2231,261,288,46,42,177,334.643438458443,193.409292912111
284,1936,1.97821463877335,214,221,261,253,305,305,2215,3152,1526,1223.25397096574,9312.74295318872,1755.30878242804,19929.4483300764,28,2,2721,304,276,28,61,182,161.234244704247,95.0220786966383
202,1918,10.3493135545868,201,240,249,266,273,322,2294,3200,1447,3374.78716042824,161.979277618229,812.38113399595,9628.27700539492,6,0,3229,288,293,76,189,57,678.580978419632,67.9044445045292
141,1918,4.24464202998206,219,222,269,270,287,314,2058,3049,1627,9532.4077969417,6802.19657719135,1168.17803110927,26185.3345332202,487,0,2782,337,162,75,76,181,798.043010756373,121.858024783432
232,1920,3.7229704875499,201,231,240,258,299,309,2040,3011,1643,7539.71144556999,7740.62629556283,492.816244259011,14384.7441428807,468,1,2099,214,150,73,137,92,764.274649089202,152.34831571579
146,1912,19.3774201839697,238,245,260,271,306,305,2152,3062,1833,2416.05303017423,5707.06264348701,2075.44034473365,20150.417474797,424,1,3854,269,201,21,106,29,215.070542879403,142.004720680416
252,1917,18.4530546609312,229,249,270,254,304,324,2145,3004,1745,11153.5330326296,3184.64683601633,466.662494372576,17869.3706530612,81,1,327,491,207,46,128,115,93.7454232480377,76.547134667635
184,1934,25.2244582909625,210,229,231,277,295,309,2194,3090,1448,12672.3077252973,3258.42479476705,1547.64290125808,27348.7062728964,256,1,830,268,167,22,180,154,326.922281878069,71.867629699409
56,1929,16.9172975022811,229,221,260,283,290,306,2123,3028,1423,520.483996951953,4662.48188400641,3886.66408348363,11790.6570620835,284,1,3839,312,206,43,10,45,364.339612424374,133.316780440509
208,1920,11.3634517763276,210,222,259,276,304,305,2147,3043,1828,2495.21785997786,2062.35212972388,1984.8419781914,5364.44655270316,391,1,562,431,298,54,119,115,942.868545185775,16.5050825104117
283,1927,17.9112577147316,224,231,257,254,276,321,2056,3190,1652,13628.5238270648,762.678948231041,2413.38923953474,21820.5353256781,81,2,525,279,118,40,107,60,705.427080625668,99.709485610947
236,1931,24.1327684889548,201,233,247,274,282,327,2255,3176,1524,10793.8640099019,2527.69702114165,1153.46789180767,18893.0109969806,284,1,96,487,140,69,40,85,277.034590486437,93.0865686852485
172,1936,17.7888422796968,236,228,235,272,296,309,2010,3141,1701,12531.1887322459,9966.42149984837,3537.00590803288,18593.9536150545,394,1,2114,234,147,5,169,179,240.247228415683,77.3851867299527
287,1924,13.5416501313448,240,231,267,255,279,305,2096,3152,1475,34.1845024377108,685.254647396505,3696.00620707963,25177.5287627243,468,0,3223,289,279,99,198,100,963.794037699699,23.6315480433404
64,1914,15.4113398969639,234,233,246,262,272,318,2162,3184,1847,468.763075768948,7735.00517010689,1830.63930746866,24509.4462833367,14,2,1285,231,169,80,50,13,214.87472532317,44.8465364985168
140,1932,18.3029910973273,232,226,250,278,299,320,2129,3164,1469,9754.56162239425,5772.26778725162,3178.21432822151,12226.4462825842,56,2,3627,403,161,92,38,157,271.753339096904,43.2721958030015
262,1933,10.7354170051403,224,247,264,280,303,329,2001,3192,1651,8113.86634362862,9991.09100317582,3606.29080221057,23265.2717630845,414,1,1198,211,163,88,161,122,304.53417962417,166.671264404431
181,1926,4.68737038667314,221,221,257,276,302,316,2291,3026,1705,9078.96031625569,7488.20181004703,859.958061180077,20772.0978721045,232,1,959,363,129,59,165,90,393.114022212103,75.6367156282067
190,1925,5.16803785855882,232,245,245,283,275,318,2178,3161,1775,12899.5349421166,8688.29453364015,3798.45883962,5504.46292734705,72,1,5,371,193,87,89,122,510.280989576131,149.810966430232
25,1927,5.40535437641665,203,240,263,276,308,323,2081,3191,1496,13038.700693287,2254.22341143712,2711.91429960076,16109.4019841403,143,3,2389,242,195,76,35,113,620.516636874527,162.440105294809
173,1933,24.3778912788257,229,245,246,271,300,304,2102,3129,1659,2241.77597556263,2861.52152577415,59.7081970353611,12218.661607476,102,0,268,449,170,68,142,104,753.976238425821,80.3707172628492
32,1936,19.965886999853,204,245,270,286,283,305,2092,3081,1810,9587.60763402097,617.297610733658,2835.82846668316,22914.9393399712,52,3,2272,463,294,24,103,156,553.06381569244,129.792061587796
156,1913,25.8145094912034,237,242,240,284,309,330,2055,3106,1510,3044.45503628813,6736.44455615431,2068.3709594002,8809.24828350544,151,1,3022,276,167,29,26,100,994.30540506728,101.409372594208
184,1918,21.6127045317553,224,235,262,267,287,319,2092,3021,1670,12893.4836271219,5156.45325183868,1398.85454383446,5409.78767792694,169,1,1828,405,189,62,136,138,402.41720690392,65.4829083941877
270,1933,15.0060983668081,237,246,239,280,272,313,2256,3013,1522,1755.56961796246,857.79664805159,615.994228904601,22141.7705365457,203,2,2884,458,136,97,14,135,478.991413721815,113.015697710216
114,1913,7.76052716979757,213,246,239,268,278,326,2000,3159,1472,4335.25984059088,7473.34961080924,2753.86173704639,13766.0082615912,36,1,1410,223,194,91,21,24,683.64294548519,136.637847824022
221,1917,10.1264411250595,221,230,231,287,309,307,2022,3144,1604,13737.6460223459,1547.25282685831,3522.6934191538,29898.7628321629,349,2,3970,494,164,45,35,16,804.236619267613,185.598297091201
249,1913,9.87958756554872,232,237,252,258,277,327,2248,3074,1323,1458.05705222301,1061.55266053975,175.043851749506,20497.9774961248,412,1,3451,316,156,67,113,145,71.3174752891064,129.028844740242
109,1933,4.66552070877515,225,239,263,282,298,308,2172,3025,1744,9026.97971672751,5107.0124283433,2649.93195438292,8058.02960065193,233,2,2853,428,166,40,137,49,236.71484994702,111.49642537348
219,1917,20.7450352506712,228,226,243,270,283,326,2139,3095,1502,8900.79200849868,9853.36857847869,2715.43203394162,24661.3319334574,463,2,1317,491,212,37,155,51,599.537027766928,196.101863356307
199,1934,26.952044456033,238,236,234,266,290,328,2002,3044,1540,6119.01705851778,9571.45468099043,3082.73963360582,21429.1342138313,424,0,175,483,297,85,22,55,536.521346308291,66.7342408560216
259,1926,1.83357475791126,236,240,259,280,270,322,2200,3143,1743,3608.22321614251,4664.83886819333,2745.79094884451,28257.5263129547,401,2,1248,211,141,43,16,160,965.688309865072,182.963257003576
121,1923,14.3400961351581,225,245,264,263,309,326,2292,3103,1807,4129.34002932161,9799.9227209948,2776.14252933767,17494.8820855934,407,3,3178,297,202,20,191,177,205.729651264846,21.1166099645197
48,1931,26.079182757996,203,244,269,281,276,322,2228,3033,1375,9993.32037870772,4954.75652627647,520.377521722112,17895.4652347602,16,2,3068,435,191,61,131,126,490.687235025689,49.166132742539
9,1925,21.8263889283407,230,230,267,275,292,327,2288,3068,1786,709.736561402678,1584.64844571427,1474.39020938938,20237.2585958801,204,1,3902,346,116,61,15,89,98.5556079540402,148.218670766801
194,1913,6.40617474471219,225,221,239,255,293,320,2299,3060,1755,9459.52598238364,946.223589126021,2909.13961551618,16630.5065399501,193,0,2831,231,245,93,144,127,97.2991876769811,85.0398533046246
85,1932,15.1286542047746,231,223,267,258,278,329,2095,3189,1777,14911.125699291,2704.43161018193,3672.31540122302,5769.26409383304,85,2,1318,257,114,86,121,6,230.421192012727,114.608318312094
46,1914,5.86817473429255,210,240,255,251,283,307,2206,3055,1516,3273.69241509587,5810.52765017375,831.483842469752,14332.9710769467,115,3,1343,396,210,13,23,9,123.12036450021,70.4382868949324
283,1934,15.6946265453007,205,224,242,252,306,315,2103,3194,1317,10629.7510745935,2245.68966543302,3066.49194283178,15363.9511624351,453,1,2246,278,173,66,115,165,653.075624722987,75.1067413017154
285,1919,15.3577355444431,231,240,250,286,287,319,2273,3109,1505,10858.5960266646,189.245871733874,254.783785841428,8549.99264818616,397,2,1905,252,143,27,87,92,319.758863188326,169.660011865199
283,1933,24.8570891721174,224,238,248,278,272,321,2120,3164,1465,13582.1596265305,8045.11992493644,1343.22905463632,13337.9286050331,396,3,2823,390,186,14,99,50,913.680485449731,8.30303966067731
78,1924,26.2004634910263,218,236,235,268,292,313,2145,3124,1851,2737.03154060058,9430.2731147036,2996.6211394011,13389.7712873295,323,1,3278,242,112,74,90,23,403.465459356084,15.1251167990267
7,1919,5.39041039720178,215,240,240,271,285,319,2244,3166,1538,6598.46934489906,5786.51672462001,504.085583880078,27216.6376595851,48,2,206,387,128,68,21,91,684.379208600149,136.967823607847
104,1913,27.0660132509656,215,243,251,269,293,302,2178,3103,1883,10396.348804934,4888.10224691406,3573.58005099231,19690.0190040469,119,2,3958,224,116,90,173,69,18.6583294998854,146.437464328483
161,1926,29.1273158413824,232,241,250,288,293,329,2065,3088,1676,8199.58997424692,811.024724971503,185.535982688889,17723.7175765913,426,1,3174,290,268,7,17,117,350.717927329242,86.7953459732234
202,1933,13.615815397352,237,232,239,257,302,323,2139,3142,1607,1551.17144342512,2994.31150779128,294.889225529041,24360.8286848757,293,3,1593,208,229,70,22,174,600.461105816066,41.5723116602749
187,1924,6.90539775975049,233,237,234,289,305,302,2147,3059,1671,12967.3063766677,3907.92434802279,608.624633499421,18971.4402204845,272,2,501,277,121,14,174,126,353.667343268171,186.695788102224
55,1925,9.73181211599149,217,230,236,267,299,327,2195,3083,1871,13148.1420993805,7663.72449696064,3887.32044301694,11113.953073509,16,1,3789,232,146,72,198,11,823.759973049164,195.763128763065
9,1932,10.2951709998306,209,234,260,281,286,321,2168,3174,1417,9771.54962369241,4901.95851773024,986.809837268665,24017.3277573194,296,2,2168,486,106,59,38,197,413.762358715758,116.686377534643
88,1929,19.1273976734374,237,247,255,285,301,311,2243,3079,1893,80.0897728186101,4378.3390824683,3979.69937942922,14916.2378872279,361,1,2412,354,230,8,55,147,947.853399906307,24.037650693208
138,1928,15.3992507413495,203,237,255,251,293,322,2256,3044,1561,917.83189214766,5103.26569201425,1401.99009643635,25132.1417989675,363,3,2538,488,208,45,139,67,289.74894201383,140.989755373448
41,1923,26.8141347060446,222,228,234,264,278,328,2031,3144,1562,654.658143175766,8849.72736705095,3893.05085033178,28612.648237031,239,3,3981,276,235,35,166,112,255.699593806639,59.3974556773901
166,1930,29.3152333088219,238,242,260,265,285,324,2123,3162,1390,4080.66510921344,4114.54461282119,2704.91561630508,13762.234688038,356,0,1139,441,245,68,81,106,870.157171040773,176.981136249378
230,1925,9.4622551985085,221,250,255,274,296,322,2102,3070,1642,9240.4313350562,423.649055883288,2944.11606670124,14922.2035845742,251,0,2375,451,111,84,93,28,99.891941761598,59.4104819465429
102,1925,13.7746199313551,221,236,266,278,272,300,2221,3033,1899,13209.9213986658,9857.04341670498,530.328359287232,26965.3676729649,230,2,848,250,204,93,15,52,392.379238735884,154.104691930115
260,1924,12.3382444363087,224,241,259,274,284,306,2174,3016,1336,10970.7017778419,3963.23358872905,907.741273399442,20121.2918455712,136,2,1847,356,103,93,122,149,124.601601622999,133.731211954728
179,1917,2.32722723903134,223,232,250,275,284,313,2293,3059,1616,13523.2783074025,3197.63059262186,2327.03606744297,18635.700463783,406,0,1083,202,183,31,177,196,476.828673155978,165.319143747911
77,1932,7.07434038608335,215,235,235,252,279,308,2182,3081,1799,14435.9668437392,6816.53476087376,3871.39621597016,15920.0198028702,213,1,690,324,236,55,132,85,683.266330510378,70.671628555283
262,1918,15.2663993996102,201,234,239,290,306,302,2030,3052,1613,11114.5407089498,7222.56708657369,1839.36720397323,12007.4888411909,361,2,3762,445,259,98,97,152,685.428693890572,177.424543444067
216,1926,5.31834512529895,212,249,248,275,302,319,2130,3159,1596,6493.19116724655,6252.25948635489,2846.60456608748,23521.6804035008,198,0,1193,327,253,77,78,96,123.508082935587,16.2539222277701
236,1934,26.9401789971162,213,236,234,258,281,315,2016,3009,1389,5692.86684505641,9013.41241784394,1552.27770382771,15430.2520223428,394,1,1080,302,177,0,86,199,307.768122991547,183.070792490616
9,1930,4.919836406596,204,227,248,289,292,319,2210,3126,1419,6992.30428319424,1817.88542540744,3564.91972302785,8037.21775417216,374,3,222,409,111,92,62,115,981.698500690982,64.1384046059102
75,1929,14.4198871401604,217,223,234,256,282,326,2047,3135,1517,12809.6714231651,1623.97857289761,650.408663640264,11732.0297646802,489,1,161,488,176,27,44,47,308.580946177244,154.745219927281
298,1923,13.0208572449628,213,221,266,288,306,320,2200,3165,1535,6371.36382632889,1560.88907504454,2734.86956495559,28239.7851767018,347,0,2748,398,107,24,123,76,560.422289185226,181.616906635463
146,1914,28.6442112908699,205,226,238,275,301,324,2245,3003,1758,11916.5720616002,2773.59646745026,2903.20455355104,7237.16836771928,6,1,3834,462,216,31,170,89,602.026771521196,54.234669636935
297,1923,4.12231011153199,232,248,248,281,277,308,2231,3102,1511,14956.2744540162,3747.08649935201,3978.49539263872,20865.4909930192,416,0,1867,241,200,16,105,156,933.081727474928,193.777801794931
226,1929,22.6155358003452,217,222,261,280,276,303,2135,3151,1664,10464.6991565824,159.704205580056,2446.35975241428,29461.9736738969,228,0,1515,440,177,81,123,128,537.586823804304,151.076236832887
215,1928,25.9593280931003,229,232,256,262,298,302,2046,3024,1388,3965.51742916927,5924.67360431328,523.173732226714,18824.5027454104,189,1,3843,406,264,91,169,151,867.050586268306,82.4311135336757
178,1915,18.2665758272633,224,225,236,282,288,319,2213,3032,1489,10798.0936858803,1770.40294511244,1008.70395148871,23149.2609146517,143,2,3515,383,222,56,111,140,724.674620432779,108.804227318615
18,1933,12.9092271439731,214,224,257,271,281,304,2013,3001,1356,9551.94594687782,8855.98652530462,3403.56141078286,5783.43177447096,250,1,2178,440,159,97,78,10,136.622804915532,144.411068037152
139,1922,23.7552353024948,225,225,265,261,278,316,2180,3066,1412,4331.43254485913,2174.81086961925,2290.26384804165,14265.3755098581,328,1,2543,372,236,31,190,144,809.127638814971,86.1932068131864
220,1930,29.5310136550106,226,246,255,283,279,325,2155,3033,1575,166.235882788897,4096.76500596106,3958.58328583185,24649.9997575302,313,1,1081,498,114,30,137,109,416.941984090954,87.3473967891186
190,1932,26.3937155068852,228,227,251,269,289,307,2161,3143,1812,11292.6736625377,4107.39783663303,2389.0651884512,20885.3497239761,56,0,1562,206,300,87,58,52,232.783264247701,142.027417663485
102,1931,6.15362187544815,233,249,265,259,286,301,2114,3122,1723,1580.28985373676,9126.06636527926,2604.76716267411,6627.37519131042,385,1,906,309,261,17,75,103,945.631089853123,159.904998494312
232,1927,20.7321349328849,218,224,260,286,300,302,2012,3170,1302,3402.96808280982,3098.39444002137,732.687548357062,16567.4066590145,35,3,3162,491,295,88,125,186,576.470291242003,178.928478155285
81,1933,10.2301179408096,229,235,269,272,297,326,2233,3091,1480,3999.58963156678,8963.35687488317,1610.76440618839,27095.2536794357,356,1,1979,443,130,52,87,1,479.882885934785,96.0383971221745
75,1928,16.2466346009169,200,241,262,281,274,313,2069,3134,1621,4783.42240559869,9886.19062118232,2903.49415357923,10364.3302875571,236,0,912,201,134,98,32,37,327.155724167824,88.1495732348412
242,1927,28.5023524872959,230,230,255,272,303,309,2062,3015,1662,13348.5281572212,7351.60197829828,682.111415201798,16506.7566046491,138,2,256,201,120,31,85,30,751.524395076558,14.3874122295529
179,1918,20.6926329859998,220,222,262,260,309,316,2024,3125,1745,4732.29754948989,6152.13992539793,371.616333664861,28411.3632759545,91,2,2559,349,166,0,81,189,497.403698042035,15.9475468564779
132,1931,26.1320515447296,229,221,263,262,273,325,2004,3144,1671,674.482395406812,5956.9601318799,712.350182347,26322.6873893291,201,1,1542,273,238,42,180,139,309.474521782249,51.5502297319472
195,1934,5.97879185993224,217,221,232,261,274,329,2065,3031,1339,9039.56108610146,9158.84318295866,1534.34067320777,28924.2118317634,141,3,2598,478,133,94,88,94,844.519468257204,103.552736481652
280,1935,24.864632450277,219,244,270,265,308,301,2220,3062,1709,7487.99401684664,3020.81793081015,2505.95708042849,5935.60419045389,149,1,537,455,299,87,146,178,564.831364434212,11.1316893715411
217,1934,3.58010159176774,202,235,264,286,299,307,2096,3001,1510,8330.28529188596,6163.68138696998,1916.84964483371,17690.164335072,375,3,2818,273,179,86,26,76,992.065438302234,170.43624818325
202,1918,26.4540145890787,220,245,268,255,295,319,2238,3043,1471,14965.6064040028,9595.05818085745,1318.69009094778,21649.8513019178,162,0,2559,490,193,75,105,143,622.845602221787,120.771049894392
279,1928,20.6559815143701,224,222,254,272,288,330,2023,3146,1318,2716.11269563437,9658.60959608108,2170.40958843194,7074.92190529592,58,2,709,442,121,36,80,11,469.638344598934,175.38779261522
113,1926,3.4178624660708,235,229,266,268,281,327,2296,3016,1315,14397.1162335947,4436.34883267805,1501.22234619223,21013.4593723342,65,0,1869,305,233,16,121,106,599.661280401051,50.3481945954263
32,1927,4.0993772095535,224,243,233,256,281,316,2219,3102,1304,414.706439478323,9304.41943462938,1102.57468454773,9884.6916120965,391,2,1454,477,208,3,13,68,259.921473450959,20.2279343735427
171,1935,7.85314542148262,224,239,262,250,278,319,2074,3109,1664,7728.01679908298,6665.75611103326,1752.29880198138,6468.54352205992,449,3,1825,297,104,66,90,195,384.300571866333,28.7716490682214
236,1923,19.7248808031436,201,221,253,278,305,320,2101,3014,1846,11006.1899805441,8859.97453005984,2148.10509935487,8368.33317414857,423,1,3800,444,276,26,34,93,671.564756892622,141.113004274666
248,1924,9.80665473127738,219,223,243,281,283,321,2296,3129,1880,7185.72844751179,2564.64417325333,3536.29686058965,16625.6413166411,367,1,3616,271,139,66,26,192,25.187305174768,183.702445216477
99,1935,25.3623761299532,233,235,254,281,277,311,2130,3141,1664,4317.22931214608,3500.09278161451,674.837158762384,21613.6831976473,368,2,994,446,218,85,85,178,903.434230946004,75.3582550678402
41,1930,5.91970325168222,222,224,242,256,288,301,2226,3142,1325,1792.34148468822,2510.56396169588,2836.40254147816,8834.35284020379,13,1,2603,214,112,27,23,128,77.4859085213393,197.892241366208
291,1914,8.81283246399835,214,221,232,267,278,321,2095,3073,1525,3861.0670552589,8490.45190494508,1067.75441216305,18120.0464791618,314,2,582,320,292,100,177,198,257.042000535876,146.983463037759
45,1913,15.79937171028,239,232,231,251,296,314,2020,3136,1722,12768.8466128893,6456.77462918684,894.480923481751,12034.8273206037,307,3,2639,277,135,36,86,129,528.733058599755,167.039993032813
104,1921,29.7256175267976,228,236,263,262,273,326,2196,3061,1543,13461.5948935971,264.499257318676,1654.10169802373,13800.0344403554,243,3,160,251,235,10,45,41,530.580821912736,27.1339338738471
192,1932,19.9548128114548,216,239,236,271,276,300,2275,3192,1806,2340.53762862459,3889.22195415944,2360.15262658242,19430.4722954985,185,0,341,203,130,66,2,117,537.289320258424,22.9255131911486
24,1925,29.0056711167563,238,250,249,289,305,305,2188,3182,1433,3549.88856473938,9307.67733603716,1108.82319475291,19924.7218971141,340,2,993,359,140,35,87,8,819.042078452185,120.536340493709
187,1922,7.35806354344822,203,237,235,251,285,320,2291,3084,1600,11993.6128053814,5789.2166194506,2686.01862896699,15719.1015325952,120,0,2847,466,232,34,13,46,324.375944212079,11.1464290414006
160,1917,25.8419151455164,213,225,269,255,275,324,2017,3012,1565,3816.85971748084,9458.277518861,1504.4604476844,21668.9226520248,256,1,2771,367,132,50,106,5,974.736933363602,46.4239633176476
61,1935,23.6343959602527,232,223,235,270,282,309,2166,3163,1897,14785.7689310331,703.225533943623,1792.52907062881,15779.270081548,306,1,232,268,193,24,85,167,426.150927087292,41.1219703964889
174,1930,21.5936737698503,205,227,264,263,275,323,2260,3042,1701,12798.5387679655,1292.95289283618,1121.35230076732,29459.5460244454,328,1,464,296,199,80,121,197,748.214997118339,158.71757119894
155,1932,3.4510554166045,210,231,244,252,270,309,2124,3185,1310,8077.96672917902,7383.1372265704,2032.03225610312,25329.7028318048,43,1,1344,473,247,85,81,102,348.401675932109,130.302567686886
241,1930,7.99952446483076,201,247,244,260,305,307,2182,3040,1370,3812.61176546104,9444.17381891981,931.216582313646,16943.5344648082,326,1,3817,471,177,79,71,146,563.232436776161,187.6202784013
200,1921,24.2270902588498,230,250,232,254,288,305,2003,3040,1721,8383.13721120358,3581.31813816726,2206.45574028604,6829.99654207379,125,2,1362,307,128,44,64,58,634.294038871303,132.561267307028
139,1915,11.6476433395874,203,239,252,255,299,329,2129,3010,1789,7267.4015793018,471.673393622041,207.589145372622,22427.612002939,137,3,2961,262,263,60,92,61,190.063857939094,115.110709471628
173,1930,27.2237451751716,223,242,235,267,288,315,2080,3054,1470,12403.2056482974,9329.62818304077,739.799374793656,6151.73124941066,398,2,121,218,106,39,54,177,410.877144197002,45.3522011172026
150,1924,12.2920168014243,204,234,246,251,276,329,2021,3077,1495,13244.0531475004,2555.41413556784,3371.93710442632,28847.4535522982,456,2,2415,208,209,55,123,195,706.59732981585,74.9383165966719
209,1926,22.3134720458183,208,225,231,266,292,322,2031,3067,1842,1664.15363433771,995.47267658636,311.428208958823,22074.6393792797,351,0,1241,306,131,35,199,41,427.524577826262,89.5021921489388
94,1920,21.3928774765227,226,240,237,256,271,304,2270,3054,1430,868.579560192302,9105.7645669207,3995.73004971026,8559.1303021647,420,1,1480,312,175,94,28,32,124.665685463697,103.996744658798
219,1915,22.9225802060682,201,230,243,266,283,316,2138,3171,1640,10091.4892216679,749.407014809549,944.995702139568,27799.2992382497,83,1,1800,459,122,62,197,113,803.830183111131,91.9498800765723
50,1918,2.97765055880882,209,239,249,287,308,310,2018,3007,1454,3456.56953635626,4897.61789795011,384.172691726126,8789.42728275433,347,1,1542,311,294,31,55,59,358.668900560588,14.8926506750286
223,1931,29.1244874184486,221,228,238,259,300,329,2069,3192,1307,7400.50796535797,6096.41446964815,2813.04506155197,5144.3084096536,476,2,3563,491,239,86,58,20,679.417272564024,140.661008376628
226,1923,7.74795471993275,239,221,234,253,299,329,2232,3052,1852,8925.53841113113,5403.24459550902,3797.44861223502,10232.1641764138,276,3,1439,381,105,4,105,46,584.780961275101,17.6277855876833
237,1912,26.7736161511857,239,236,230,257,295,325,2160,3051,1536,2441.19801674969,6449.61011596024,145.244745076634,13740.4818914365,212,2,3473,292,186,0,178,191,109.374585794285,130.767721775919
90,1926,27.864381889347,231,230,253,289,298,327,2067,3032,1539,9020.51039971411,183.222703635693,2076.21996229747,7805.55201461539,191,2,3544,256,287,90,113,186,63.3909397292882,0.0284153502434492
69,1921,10.5935340628494,203,239,245,258,309,317,2194,3097,1461,12885.5593618937,1646.90846111625,1488.41590751894,29386.8858669885,274,1,3176,263,189,17,86,123,776.085147866979,46.5442115440965
86,1929,5.99770994973369,214,249,265,272,295,311,2000,3183,1600,8773.12175463885,8824.33261489496,3009.57586413948,21809.8748719785,371,1,2707,223,231,64,31,2,375.849227886647,127.202791161835
257,1936,16.7225048691034,204,224,249,260,305,311,2298,3105,1755,10892.5272768829,9330.36150177941,1506.86395280296,18772.7434921544,391,2,1591,206,179,98,132,198,287.217976059765,141.077428823337
36,1925,19.2740448152181,225,224,252,261,281,318,2143,3045,1611,6685.46166736633,7638.14682373777,1999.25394191872,28392.0902770478,179,3,267,256,166,51,108,145,516.786121297628,199.971977062523
113,1926,28.4897296060808,216,225,235,252,297,317,2093,3141,1377,684.033238794655,5461.38848178089,1168.80053251749,6242.79243755154,428,1,548,280,183,83,95,90,592.050149105489,42.7403734996915
153,1923,24.4366569211707,212,224,246,276,298,317,2084,3006,1578,5222.85629413091,5045.88508047163,700.218372808304,21585.0555291399,157,2,3379,385,166,68,179,36,688.556506065652,30.1007370930165
280,1919,7.11816264339723,216,237,231,280,289,317,2277,3125,1682,1708.66000349633,6410.31137201935,368.024389403872,9470.43574531563,273,3,1081,319,261,65,91,33,426.010991679505,12.7521452959627
195,1929,8.94786610780284,203,224,232,274,286,318,2128,3193,1543,1548.38673071936,9587.436709553,293.721573562361,29700.4839242436,351,2,819,262,157,83,158,147,266.633094055578,142.058677598834
80,1932,10.067800409859,212,248,257,287,301,301,2279,3071,1510,5141.52178075165,3057.36151291057,1823.37993073044,28889.0488632023,273,1,1536,399,205,17,139,172,79.7861430328339,115.479894913733
277,1935,2.34043165738694,236,221,231,263,287,304,2176,3119,1430,7649.66669026762,6413.53755025193,61.8543846765533,13281.5625995863,338,3,2530,472,206,9,47,120,17.0852059964091,28.1649912241846
109,1930,18.5452356541064,224,237,250,289,286,316,2041,3125,1441,6518.53456394747,498.556783422828,3952.62293757172,11906.4445677213,201,2,3593,280,229,46,4,161,0.815084902569652,134.496529912576
196,1916,7.78446982637979,211,220,248,259,303,303,2043,3020,1675,8437.04251921736,974.833827931434,2259.50893168105,18671.3898566086,60,1,753,255,175,97,31,72,767.730548512191,162.03123126179
92,1932,9.24155060807243,216,223,242,289,274,325,2007,3065,1866,4709.07021313906,3034.95364962146,668.701339277904,19168.6226474121,310,3,3292,471,132,5,67,81,539.473611861467,66.2174026947469
36,1917,3.2741471149493,219,224,249,257,295,328,2243,3183,1819,13125.444460893,321.096621919423,618.743091358338,9061.03986897506,132,0,875,376,256,6,29,23,700.544455088675,164.164779847488
180,1916,18.8237440383527,233,248,255,261,300,317,2156,3187,1414,6731.56313714571,5114.95958315209,1969.85669401241,24718.5162804089,73,1,111,287,208,61,155,189,573.080119909719,17.951005557552
155,1925,21.4057326768525,219,243,235,287,272,302,2252,3025,1637,4125.24668499827,2654.80725327507,3192.22428918816,12611.0639725812,127,2,2187,334,283,27,123,131,306.007476290688,23.7149610184133
177,1934,3.22517653182149,215,235,257,250,300,317,2188,3068,1845,9608.87948283926,5730.54437758401,2791.14402260864,13946.1987954564,54,1,1542,495,268,67,92,132,790.744768455625,122.446580557153
205,1934,8.46326751587912,225,246,257,262,292,307,2255,3131,1494,13585.8816700056,8487.96645877883,264.135838293005,6347.46560943313,29,3,1638,227,104,38,152,42,463.980001630262,56.4175764564425
26,1917,29.5367858333047,203,244,242,287,273,329,2104,3147,1872,7430.9421563521,6222.58129529655,1558.41723557329,16868.3824897744,229,1,3301,224,179,98,83,200,330.803944496438,1.69055727310479
37,1926,1.21157889952883,228,234,233,275,274,323,2188,3102,1344,9031.02295822464,3969.73792463541,3457.55165268434,26212.3706704006,485,2,3122,381,153,56,71,125,958.027941407636,156.334861787036
210,1918,18.0467902028468,236,221,260,253,271,312,2244,3075,1814,8126.49921979755,8587.66569988802,827.900809121784,13016.5139341261,53,3,2810,410,234,32,78,85,166.224834974855,178.305951785296
246,1925,9.41374404774979,209,231,259,270,284,308,2214,3103,1605,13297.2880464513,7931.30682315677,1145.27385022026,7193.74409643933,487,0,2662,319,279,66,183,124,86.3126728218049,59.5111063215882
177,1913,2.99631093489006,210,231,267,281,274,319,2139,3112,1421,5146.61671710201,2490.26855686679,2949.45091847563,9587.74924627505,453,3,2250,360,209,24,65,85,28.7902425043285,94.3977310787886
138,1933,14.6608965238556,202,247,264,272,297,310,2026,3021,1848,8983.67421585135,1306.27128994092,627.426480676513,18576.9152548164,402,1,2951,246,192,96,152,63,206.794700818136,130.049326922745
216,1914,24.4835493329447,216,238,236,262,285,301,2172,3050,1582,3293.09259890579,9051.8535184674,1885.71641320828,14409.7160443198,474,1,3682,227,152,47,19,139,720.194199355319,27.807297045365
181,1913,18.5424928814173,230,235,252,273,273,308,2003,3044,1844,262.01494387351,6576.45699102432,3189.37092138221,23400.8469688706,211,2,1171,221,110,95,141,121,194.867411628366,194.804791966453
9,1914,3.50594529253431,221,247,250,258,307,309,2266,3082,1306,13164.4468498416,1780.2576138638,349.052299382165,13661.6142187268,269,1,1852,428,218,86,173,5,30.4049600381404,10.4292077943683
237,1916,25.8338806529064,232,241,240,277,287,325,2094,3000,1830,12332.1776522789,4937.94505717233,825.610740706325,20077.4205860216,474,0,637,311,226,11,50,68,639.159012818709,70.5576933920383
245,1914,5.45540217426606,209,226,235,254,274,302,2264,3049,1622,11334.950721357,7031.45601553842,2074.19328883989,5283.60550059006,165,3,1634,353,195,69,128,132,103.631229605526,181.03064512834
256,1916,3.17510155681521,203,242,246,287,286,301,2242,3054,1836,10161.4807674196,7507.33736436814,958.870130274445,14952.9610655736,80,2,3352,374,199,42,71,115,304.668796015903,193.029910186306
6,1924,1.07074964768253,224,239,257,283,294,310,2240,3047,1410,6815.56563824415,6317.10296031088,1788.98967214162,17876.4338907786,51,2,1764,441,169,78,117,138,333.760870853439,139.666591072455
291,1917,6.8762662243098,202,237,245,267,272,312,2118,3183,1614,4124.8042602092,9262.75586243719,3150.4196781083,13265.0887372438,490,1,1188,374,104,42,85,31,509.786356939003,182.370311254635
19,1927,21.4759278767742,221,232,233,276,304,327,2074,3122,1314,5046.12103337422,31.2948576174676,2312.33384131454,29300.7621960714,95,3,2416,475,170,56,117,146,410.027067409828,51.8172201700509
185,1928,13.579599347664,218,237,238,250,282,317,2133,3136,1723,3118.74768231064,9070.35763375461,1686.663660591,8329.26666014828,263,1,1280,448,299,96,60,200,275.181553093717,133.048528200015
283,1934,14.9901664084755,236,222,248,287,284,315,2267,3113,1472,5661.02372598834,2659.23252562061,880.420691848267,27899.9743005261,467,2,809,494,125,35,172,190,774.688960285857,32.2501620743424
67,1927,28.7532502440736,215,241,264,252,294,328,2241,3061,1764,14144.7038459592,3712.32680045068,3989.10993993981,18947.0401743893,407,0,2169,427,233,25,199,188,674.944852711633,100.394946103916
284,1934,24.685026405612,206,226,263,280,278,328,2212,3192,1698,1159.73253501579,138.432804960757,2100.74620062253,28790.4384848662,116,1,766,493,281,54,172,196,154.739278368652,60.0386704318225
195,1913,14.7971219315659,212,249,241,278,283,319,2074,3131,1426,7165.38840788417,6602.46208542958,1789.01869299356,21177.2201943677,486,1,1636,386,263,85,22,95,606.019239872694,120.022268453613
193,1932,21.0850121991243,237,233,243,281,304,317,2243,3042,1697,10973.9499015268,1675.19771959633,2801.63601326989,20113.0441052373,403,1,173,443,201,79,149,45,694.718757411465,145.295663783327
119,1931,9.62514772382565,232,223,234,252,277,326,2275,3016,1899,4176.81087157689,4782.27520594373,200.276606937405,15771.5660240501,448,0,515,406,170,17,95,176,544.102907879278,170.151842478663
136,1915,9.27474163426086,234,225,236,260,271,307,2036,3173,1763,3031.67478879914,7403.15658738837,850.561914015561,28368.648882024,480,3,3348,390,195,11,103,142,286.826606141403,28.3628998789936
231,1918,6.07630820502527,223,224,242,285,309,306,2044,3102,1384,2735.70582037792,5760.92686969787,917.009731230792,27136.6379410028,29,1,871,406,167,36,85,113,555.314547615126,91.8901324272156
152,1920,15.1157296875026,212,238,241,267,309,324,2199,3092,1792,2586.93714276887,1389.59039235488,2111.55357926385,19088.0203514826,242,3,2474,465,133,33,123,167,549.92982535623,20.765339769423
205,1925,15.7946389485151,233,229,230,283,277,304,2009,3183,1548,7488.97164012305,3887.81995745376,284.542934612837,26841.1334615666,43,3,1997,370,244,77,62,0,388.500243891031,71.9335499219596
45,1932,26.7512452525552,211,229,244,264,277,329,2133,3090,1760,5680.22614228539,4735.75841868296,235.254251880106,19036.8178428616,186,1,2702,294,148,73,126,128,554.449793184176,26.184015488252
185,1913,3.78624667366967,227,225,265,263,296,323,2253,3098,1532,8333.36918614805,6957.9518167302,3723.78240550868,18690.2861762792,348,1,2298,209,286,7,75,49,72.6625474635512,40.4649719595909
8,1917,7.16089245327748,225,236,243,251,295,319,2171,3175,1607,11605.2485851105,1603.28828729689,2462.05148842651,5655.59109207243,234,2,2590,204,133,69,152,72,340.175947872922,100.963125238195
88,1931,13.4308347036131,219,231,266,278,308,317,2197,3171,1524,14429.989970522,9477.84203104675,830.952655624133,28031.7384237424,132,1,3104,439,262,88,30,50,396.096997894347,19.2940778099
72,1930,3.67495618248358,217,247,263,269,306,319,2137,3102,1797,7181.0486074537,8924.42626878619,3648.69398659328,5957.71554624662,465,2,3849,318,280,12,39,112,892.723412485793,198.273095441982
132,1925,12.2412707093172,201,249,242,253,278,308,2200,3092,1540,14137.6046463847,718.576796352863,3295.73125776136,20967.625239864,131,1,222,272,196,57,61,22,238.254997879267,142.612774949521
250,1935,16.3586937836371,236,241,232,256,281,314,2188,3003,1790,13319.2053297535,5683.74822847545,3812.28879494127,28677.2809235845,404,3,316,443,138,24,6,169,306.280220393091,84.9672366399318
73,1914,25.5958653816488,203,231,264,276,293,322,2185,3114,1591,9745.90505822562,2343.43742951751,566.259378094692,5972.08793158643,214,2,3438,442,102,15,156,185,778.222901280969,119.401727570221
43,1926,19.1716829417273,237,237,245,259,276,329,2159,3008,1360,3849.7767818626,1901.30657283589,82.5360173825175,20499.9214631971,356,2,92,299,137,48,100,185,589.146136073396,176.096624042839
55,1921,2.86532318312675,203,243,258,290,308,321,2207,3175,1770,7625.03021280281,5793.54789108038,3864.1745285294,22477.3223407101,494,2,3222,282,101,45,179,47,96.0331524256617,169.43383179605
289,1918,7.32604323490523,218,238,265,285,286,300,2067,3085,1748,1984.60878222249,6947.85407977179,1840.21857705433,22143.8181598205,411,2,2684,390,138,66,55,187,249.454646371305,180.065091140568
299,1930,27.3130277059972,238,249,251,253,276,303,2104,3092,1511,1522.38240349106,1193.05842090398,2862.78111448046,14431.0696003959,43,1,3640,382,230,99,164,68,357.780887745321,168.156694294885
285,1914,15.4317601104267,230,221,238,283,306,314,2054,3040,1334,1583.28445628285,1828.26517149806,553.654045313597,22505.3845334332,151,0,2037,415,182,94,50,185,886.79571961984,172.075049672276
180,1934,16.4889505677857,223,221,269,273,294,308,2215,3058,1480,11248.5653324984,354.581463616341,3587.31399382697,22308.5654038005,489,3,3690,281,152,70,68,162,696.691733784974,41.4506576489657
247,1931,13.5927225518972,224,229,231,280,285,303,2055,3023,1438,12776.6513277311,1850.43398989365,572.935719888192,18737.4082580209,325,3,412,264,251,49,150,97,782.9768541269,0.136283738538623
154,1919,13.6384987218771,203,242,241,288,271,322,2024,3001,1836,6688.1076071877,1351.9526924938,2686.53170135338,6799.85447903164,264,2,1696,249,267,67,41,76,45.3321523964405,120.988072827458
86,1930,11.334588454105,232,227,267,256,286,309,2010,3028,1614,12539.3209629692,452.915166970342,1606.25202834141,9364.71288558096,99,1,3996,356,241,29,155,69,207.398532656953,73.9825103897601
55,1912,14.8598955934867,227,223,240,279,278,303,2149,3090,1453,4290.13264132664,631.260604131967,3287.09783904487,9912.77216351591,234,2,2935,498,168,62,49,99,478.589308680966,27.6816054712981
287,1934,12.9941325860564,227,226,263,284,288,308,2087,3162,1511,10388.7832153123,620.831514243037,227.536475926172,25064.213720616,142,1,1613,408,199,14,104,139,672.363871475682,155.916053848341
85,1927,23.632463546237,202,240,230,258,306,306,2095,3042,1783,9331.18669898249,744.016792159528,282.41635246668,25829.2026945855,70,2,2835,350,212,12,161,183,39.1022134572268,15.1513416320086
300,1919,25.9479777847882,208,246,246,289,291,302,2216,3047,1661,8422.01614868827,1256.87623163685,964.905549632385,18522.8164319415,118,1,1658,205,199,10,77,34,126.274555921555,164.577553980052
250,1935,13.0803476024885,223,230,243,281,300,316,2299,3135,1708,6125.83907903172,6595.97400808707,3164.86488496652,13238.1932705175,268,2,573,479,174,82,117,84,311.772600281984,45.5372233409435
243,1926,28.1119545057882,208,227,246,260,286,320,2139,3075,1536,6617.0732374303,3700.46162279323,1457.55486564012,26115.3608106542,256,2,35,435,143,22,78,153,639.797808835283,145.08742429316
218,1934,11.1284517177846,207,229,249,276,280,308,2064,3007,1892,8912.06337371841,5645.00031294301,3921.43642626703,9309.89858577959,32,0,926,356,164,58,69,73,944.547801278532,73.4419236890972
106,1921,22.9167377250269,224,220,263,271,300,327,2024,3138,1330,2135.1559041068,320.325228385627,3905.7083684369,11620.7079507876,159,2,3515,375,154,76,183,88,414.491951232776,68.2306445669383
106,1931,10.0579895304982,233,247,231,257,288,305,2028,3096,1706,14467.416544212,6864.90004882216,3314.94146387791,24210.8783929143,163,1,3626,278,162,35,147,108,568.624129053205,31.5485815983266
275,1919,22.9503424044233,218,240,246,276,278,329,2142,3142,1377,708.852371899411,1231.50702100247,2051.2554727844,16357.5970462989,308,1,1062,317,295,77,139,118,288.815869018435,7.87753062322736
79,1918,17.8291637680959,220,245,252,265,296,315,2134,3147,1846,10436.2793744076,5629.37875976786,1586.68170874473,14061.6690227762,5,3,3813,269,159,28,190,165,681.275172857568,6.52421857230365
181,1918,12.9053708168212,206,241,247,252,300,326,2227,3064,1772,12154.4186223764,756.679575424641,3247.45080507593,14559.9029096775,50,1,2532,496,223,46,104,133,258.040848188102,84.9410807248205
42,1914,1.66586444177665,231,241,257,275,288,329,2100,3023,1585,13495.654767612,9956.19746623561,628.863277146593,10600.4982383456,256,0,1823,283,254,65,139,173,552.03017196618,168.137901136652
194,1926,27.126392203616,220,225,268,287,271,313,2104,3050,1453,10895.3358919825,9753.62506462261,1343.20707927691,6926.64646310732,175,0,3411,338,128,42,86,74,908.734517870471,137.916384031996
62,1923,23.2640148696955,222,231,246,268,276,300,2047,3016,1534,12755.9244108852,4072.24263763055,2072.88300188025,10593.9253128599,132,1,3903,357,283,25,178,45,233.958241296932,4.22384715639055
156,1926,6.41036555008031,200,248,269,264,282,309,2250,3054,1389,11667.5610328093,1437.33198055997,164.553545354865,22423.1433891691,178,0,1510,382,182,49,149,95,900.72423312813,124.037613580003
