"prefid","area_sqm","pop1393","pop1580","pop1630","pop1680","pop1776","pop1820","pop1851","pop1880","pop1910","pop1920","disttreaty1897","distshort3","coa_dist2","riv_dist2","privatebanks3y5","genalogy1896_prefmatch"
177,64996.5192940718,48,256,574,728,337,960,519,939,952,1068,613.828432373703,465.69315684028,256.860294006765,262.843384221196,202,409
269,65002.1250443529,88,165,478,710,687,502,334,318,639,491,500.607786141336,438.932486996055,387.606506980956,676.605998072773,205,599
200,64999.7754169388,97,229,89,582,625,861,201,249,773,1194,507.108150422573,650.610686000437,394.761148933321,954.127519950271,213,408
89,65001.3770408885,156,73,237,428,246,330,407,576,811,358,138.629708811641,516.759527637623,909.088446199894,751.159748621285,218,498
119,65002.1162698281,177,89,310,736,249,776,274,474,1150,1178,188.601681403816,528.928108350374,604.630451928824,1036.81310294196,93,134
154,65000.8025146743,115,115,440,246,342,897,199,421,904,879,529.731964319944,492.537512769923,743.120029661804,102.015403099358,284,169
299,64999.256658587,251,369,97,588,191,735,739,351,354,1243,1.77217330783606,240.490388730541,634.675106126815,623.231073562056,200,339
134,65000.5508962275,274,64,505,104,486,305,620,781,1119,676,493.105632439256,679.854819923639,1172.38503713161,656.119383126497,46,502
220,65000.0424497872,36,150,492,507,803,171,795,485,855,631,111.762402951717,413.408367685042,822.648821957409,164.176692254841,101,686
142,64995.5666277747,294,268,348,556,485,347,888,412,623,1188,372.094731777906,508.401068276726,892.344079446048,185.760474856943,8,496
249,65003.2937881632,111,256,339,388,137,789,1018,760,603,697,486.530308425426,663.590605324134,402.294429391623,767.056291457266,155,643
272,64996.3730520192,67,157,301,195,526,745,510,1085,369,609,367.919090948999,551.105692214333,522.58671708405,1000.07249582559,22,302
208,64999.2375487151,78,194,201,354,787,836,223,448,1040,791,793.294866010547,81.1639585532248,942.537009995431,864.47151331231,111,328
210,64997.9765158247,206,59,241,790,845,808,362,610,971,630,278.996353968978,212.121321447194,367.245898861438,369.49334833771,73,8
147,65004.5108818038,195,364,454,343,321,896,795,362,1117,717,577.131049893796,197.267011133954,973.258381336927,996.616352442652,134,408
98,65000.7997764453,298,127,446,238,811,920,300,944,896,452,398.191333562136,446.91194309853,168.937100004405,738.715237565339,87,688
184,65002.4525776937,239,255,317,441,869,775,555,811,934,828,567.201267555356,393.525507557206,656.508454307914,700.585527252406,204,166
62,65004.2706240927,158,308,167,390,565,1016,527,688,923,531,2.20124199986458,606.472024298273,1014.13304954767,279.386944882572,292,79
10,65000.707065133,103,88,75,327,207,223,802,676,749,813,142.969725094736,231.299661332741,989.087777305394,43.6655418947339,166,571
262,64994.1963640351,227,211,158,608,628,413,766,414,1190,1244,746.147413738072,275.796010275371,704.677957948297,361.37556200847,169,459
217,65000.9799058825,109,193,429,375,300,241,509,977,654,293,780.288121849298,696.317218989134,462.262535188347,831.229693628848,14,198
225,64998.9987418987,226,157,445,280,232,848,646,411,777,467,531.246171891689,210.506182280369,229.789299611002,579.086948186159,35,297
22,64997.244020471,124,219,406,735,563,207,911,428,924,655,506.713550165296,615.68028149195,306.333526968956,950.934802740812,177,278
55,64992.467206166,32,55,572,737,181,943,715,600,825,1168,696.44379094243,85.9593285247684,509.210601635277,770.980252604932,155,160
69,65000.7641695432,269,157,320,465,784,1027,637,762,821,674,270.624893717468,104.391298443079,231.957843527198,5.11125046759844,15,428
60,65005.9382434382,78,324,548,410,492,588,372,247,788,718,188.811340741813,215.651250141673,139.292673300952,498.798144701868,92,527
127,65001.3582267969,296,173,531,144,144,661,700,444,940,318,193.439849466085,161.695001460612,1070.90553799644,264.134822878987,174,395
106,65000.1674190332,222,201,534,203,545,161,848,1028,907,953,132.381392642856,472.610507486388,672.991831507534,611.143438797444,80,655
18,65002.8291441261,31,103,294,240,834,205,857,929,1193,312,496.27486821264,491.631668549962,887.12999895215,556.327850650996,134,486
207,65000.1081998706,197,97,298,750,650,859,246,560,875,898,368.859991058707,651.466119894758,846.449875552207,488.881305512041,38,653
41,64997.5941290987,69,250,141,768,158,469,762,238,415,952,161.573386378586,572.828819742426,1195.17262224108,804.781120363623,6,50
41,64999.6706784546,146,111,412,561,723,157,265,691,396,1261,740.406776592135,602.756062871777,107.17897452414,175.007093232125,137,262
59,64998.3888430606,166,58,423,702,142,855,162,277,674,418,486.38072386384,634.089375007898,386.671381350607,535.970165301114,79,665
34,64999.3997795538,162,309,572,321,222,663,974,821,879,261,561.534692719579,318.25466407463,373.697292152792,1199.20418187976,63,393
237,64999.0303258107,56,101,308,123,893,750,454,652,345,978,388.570345193148,9.80807358864695,339.741186518222,766.190120950341,150,246
135,65005.803234196,87,296,289,512,819,631,250,453,213,921,516.958207264543,199.212493002415,807.126994337887,1076.18829896674,172,388
215,65002.7019242813,33,386,152,159,490,975,515,585,714,945,668.422293290496,453.180166170932,202.492969762534,412.146159075201,241,614
40,65000.1772100384,221,113,364,258,527,381,770,1102,1186,1158,766.991718113422,318.55151343625,188.927815575153,405.978753603995,68,607
72,64998.2547102897,133,119,356,648,457,578,236,188,907,791,131.990283541381,387.371866311878,1166.20081085712,262.568297144026,116,341
67,65005.1108171103,258,110,424,730,577,242,748,384,679,1146,644.3404706195,12.7804865827784,217.678196914494,535.448101256043,287,274
202,65003.102600928,107,254,586,214,465,516,1023,471,447,1071,749.14749506861,170.557872275822,654.754289891571,895.726258121431,236,579
143,64998.8581851764,212,257,427,175,443,141,983,257,1068,558,345.394759066403,426.815632521175,1151.78850470111,966.2154735066,7,314
202,65000.2029823316,232,70,451,643,546,989,582,952,888,547,87.8570415079594,459.260262851603,755.653450638056,1097.89690738544,151,78
184,64998.4704898706,239,256,538,328,600,626,326,810,972,858,384.104451537132,528.668966214173,22.2999287769198,272.222775220871,166,364
182,65001.5661305078,282,364,274,377,769,486,539,990,525,1238,264.283957332373,685.245322855189,871.609415207058,663.050292804837,30,175
14,65000.8143568034,279,281,579,183,510,504,1001,503,1247,757,637.371933087707,692.920615477487,27.9994606040418,233.044999558479,228,542
174,64999.3256652711,112,394,255,378,191,865,320,206,990,1071,758.273055776954,368.645552219823,1168.36728388444,1061.52947153896,9,479
243,65000.4043614448,232,247,297,279,245,601,262,775,1118,547,639.905595593154,571.662963717245,461.711884103715,406.13634288311,215,688
59,64997.5625641413,112,339,375,501,746,415,433,841,209,572,248.478373512626,102.587961172685,340.674602799118,1156.19563506916,109,336
229,65001.862717834,93,383,212,680,728,368,342,1124,1250,977,723.526628315449,62.7132108900696,822.051929030567,119.35504199937,120,156
42,64997.8341371277,222,95,314,311,320,1028,280,1026,285,414,625.106389261782,374.945613392629,941.812115907669,748.249095864594,35,345
279,65002.781955665,241,233,268,435,471,296,755,679,1181,633,91.7353352531791,620.66415369045,144.3927353248,411.85912694782,247,308
202,65005.2295596425,162,261,258,718,859,728,258,1065,523,1249,381.557388789952,396.045570098795,363.413549400866,755.919190775603,101,209
273,64996.663639894,45,56,205,402,800,184,236,860,436,1184,738.585036806762,374.391123768874,626.304148323834,845.362977124751,10,601
220,65004.0619662295,48,198,76,135,610,787,966,399,660,372,717.754398472607,541.546304035001,837.682616617531,291.050509270281,72,127
124,65000.3247537001,199,347,322,347,494,645,847,653,482,352,328.537191450596,454.790178267285,436.049557942897,668.529504071921,1,112
49,65000.4507512765,50,384,438,206,594,1001,957,567,444,700,300.909736007452,322.126784711145,609.980064164847,466.249845083803,201,491
3,65000.117610142,188,156,374,312,251,671,610,189,945,636,131.910395622253,9.54515826888382,712.118085008115,588.940944895148,207,127
299,65004.445469332,297,112,111,335,760,506,340,758,1060,748,340.01655112952,565.428768075071,209.469751082361,722.446054313332,39,678
256,65000.3134681342,122,272,74,606,146,520,999,927,501,1240,602.828118391335,578.598987800069,1061.7446243763,451.170901581645,108,686
110,65002.9801514277,59,92,86,147,367,443,336,1045,1109,910,99.844859354198,25.3948033088818,121.275467332453,618.066166061908,63,503
139,64999.693652256,198,314,559,493,538,684,796,958,615,565,196.634352393448,145.156296272762,1015.27879200876,1144.19421236962,261,504
256,65001.4221064739,131,258,91,167,589,929,619,943,568,1260,535.494635626674,594.508050009608,995.126411877573,1145.48711674288,139,519
166,64999.2600849324,273,335,158,142,510,288,443,1097,399,380,474.296484328806,184.574468364008,52.779976464808,1192.54065882415,294,11
79,65003.521753475,56,269,349,788,276,883,810,188,1037,977,446.907159686089,325.288159539923,859.089881926775,1005.98330805078,35,93
246,65000.7248501873,102,378,78,196,480,933,828,940,330,276,468.471587263048,112.747837230563,306.667149346322,331.517343688756,132,594
234,64996.5525400478,181,231,95,382,210,177,271,1046,446,895,662.785740941763,227.590966271237,532.405526004732,826.638871617615,237,387
282,65000.7091007625,208,331,448,261,792,438,629,355,737,765,473.700230009854,224.022282869555,158.271154481918,1035.19312832505,292,394
149,64993.7497957795,145,169,273,598,812,580,424,214,574,709,144.538896344602,314.212782937102,641.768064815551,655.725320801139,141,153
184,65002.2305192567,238,117,111,796,779,146,690,1123,773,605,66.1890475079417,120.607198821381,1153.61327910796,304.770129360259,210,694
13,65003.3413587236,198,57,457,160,181,354,516,623,1100,899,280.785464867949,335.448598535731,259.991400595754,918.877469189465,131,281
123,64994.4079295098,294,254,519,346,599,882,884,911,552,1290,584.752518683672,2.10632744710892,880.825742706656,948.291285987943,27,311
94,65003.5084396489,144,101,94,483,493,1015,754,979,312,656,614.973601698875,114.339481154457,1015.37578264251,780.265713762492,49,285
142,64999.296962457,219,205,404,291,643,350,996,860,325,709,291.737328469753,165.205586375669,212.485781963915,21.581722330302,247,247
63,65007.1163963449,169,310,445,733,527,652,410,605,428,1277,336.607126705348,179.41949351225,739.526422787458,582.979628071189,44,305
23,65005.0790979606,297,80,313,571,658,935,510,832,250,273,133.548886328936,77.186420862563,1189.93660183623,1050.2142730169,36,88
108,65001.7646638194,192,186,110,603,782,945,647,574,1038,782,354.368897713721,295.228054909967,1175.00008000061,536.727622803301,192,697
124,64998.720586775,240,166,232,591,528,473,303,901,867,530,366.809406504035,336.524845729582,155.941177625209,57.2019042447209,199,610
218,65002.0724000303,75,256,219,566,490,822,365,879,696,1169,182.262292318046,396.808192902245,233.30746544525,753.428580611944,203,338
124,65001.6401175431,74,248,414,486,434,242,671,537,1077,639,417.609227634966,259.933777526021,653.418710455298,858.889969345182,184,226
98,64999.3412616123,37,178,104,546,288,451,768,555,517,916,565.325344726443,431.501937750727,985.957693867385,131.499132793397,264,7
115,64999.70612966,192,275,111,179,634,922,566,476,687,1183,644.374838843942,65.5912025365978,90.0221874006093,962.533219344914,241,157
71,65000.0965901935,289,301,141,339,609,699,899,752,769,1084,197.666846960783,683.576103998348,425.976266339421,75.1267282292247,210,267
13,65005.0578786073,227,199,277,448,878,215,1002,751,857,627,751.497131027281,219.123611669056,452.40418408066,1171.06725582853,13,15
25,64997.9635432953,272,361,405,124,532,230,1044,352,1202,1298,121.835788153112,643.931113393046,888.344427756965,905.818258412182,180,246
292,65000.3353722736,135,141,240,781,543,248,179,342,479,706,382.274681515992,266.39587697573,820.404562912881,308.077995758504,193,98
11,65000.694110747,232,134,285,349,783,663,335,627,466,1106,594.553690776229,523.337991116568,1066.53154548258,904.623257182539,290,276
77,65003.5581924954,34,332,341,363,633,491,568,214,1203,683,551.588805764914,390.971617074683,1065.27000255883,329.038527980447,154,86
84,65002.1599850923,257,358,219,531,272,300,794,659,1038,1216,727.429303713143,371.144139347598,422.739175334573,14.2099843360484,81,19
132,65000.3045469261,197,134,83,158,805,243,1034,927,626,709,559.873808920383,613.223633239977,940.966166183352,388.414159230888,166,54
247,65002.8899246258,183,79,225,281,153,734,781,490,383,1238,454.67720516026,339.16564672254,181.779583822936,563.950493372977,178,248
253,65001.4193158956,159,284,382,439,279,909,898,1096,549,1243,718.400495685637,451.465940475464,1072.18266567215,511.444715224206,268,238
233,64996.7234995261,99,310,161,216,483,909,172,999,321,793,199.689820222557,652.401090692729,112.124613951892,280.035476479679,20,75
10,64995.3118825504,196,274,530,494,256,672,358,918,406,1193,355.295672267675,163.180182967335,1165.16131237149,191.688789613545,268,315
24,64996.5928251886,199,51,409,356,791,492,994,622,1200,905,566.103507764637,484.220575541258,1007.71175483242,791.134037543088,154,140
289,65002.0957034077,104,184,285,660,813,143,888,473,389,937,405.588735081255,96.6877502156422,336.599970515817,338.708168081939,293,218
108,64999.1927820187,43,272,323,245,889,454,808,310,382,826,141.065206006169,455.683908727951,646.071530599147,1003.47895016894,299,412
286,65003.9472825752,121,396,502,198,709,278,840,817,869,1298,342.620797641575,457.155401422642,506.62564476952,35.0608206354082,126,337
97,65000.4543229729,176,265,504,550,706,249,201,891,1074,753,490.286577865481,436.170405475423,253.338836599141,569.727666769177,186,392
116,65000.3502151581,198,357,569,93,673,918,968,1126,1048,1184,586.382676661015,202.414024667814,912.488479726017,698.882666788995,211,584
194,64996.9715672318,152,184,296,528,592,227,577,545,204,1235,149.195110797882,270.626548328437,354.157290514559,657.722415402532,32,543
238,65001.2213841307,296,195,78,319,630,345,891,419,237,973,82.8088387846947,381.537586241029,354.566809907556,1110.80975532532,103,364
146,64995.4769348531,262,332,282,620,213,433,507,307,349,326,545.359338819981,470.731650805101,1014.40291386098,1153.06508615613,234,108
182,64996.5364978751,268,150,353,598,227,686,752,608,520,708,712.698133476079,483.207630179822,894.630718510598,602.268588356674,135,206
54,65000.7862801255,79,187,230,388,353,548,1003,326,810,754,642.713158577681,510.391464084387,872.754817362875,545.056835375726,52,523
39,64999.9840945349,77,70,107,113,246,360,863,1092,217,823,587.861713394523,158.027092833072,447.205193527043,274.508686456829,205,654
114,65002.4795611738,98,219,376,398,692,171,973,1129,1163,708,551.668467745185,287.226444575936,443.004751671106,729.464358184487,180,391
194,64997.16076191,125,375,273,775,679,701,543,436,1126,246,538.651447370648,458.724454487674,482.111328933388,346.50259539485,235,19
49,64997.594025268,122,314,560,411,582,748,969,764,778,543,334.230054356158,89.5562352612615,253.215480968356,370.11537970975,107,131
51,65000.4452648634,68,90,393,571,693,961,681,857,1074,988,641.805550642312,575.638166046701,1171.1148432456,822.261504270136,188,540
19,64994.8688612282,238,231,371,794,232,910,680,1006,1139,377,127.031484805048,208.246352057904,15.2159770019352,185.079451370984,184,534
184,64999.7245731817,290,165,167,603,524,899,713,739,850,933,228.337841853499,436.866636318155,87.0965455658734,28.1459983438253,83,483
6,64998.6130920306,294,277,439,644,687,147,460,484,521,862,194.075993262231,291.895746276714,375.719010271132,444.182308763266,61,569
46,64996.7385069562,275,215,305,192,179,213,742,1036,1006,628,266.839683800936,539.719467121176,674.399916082621,259.742671810091,23,335
260,64999.2717555874,96,249,136,196,718,504,932,271,1045,932,191.86840839684,416.712041455321,791.812272090465,879.806506913155,36,222
198,65000.1628625321,177,95,508,252,604,678,975,1115,221,1188,69.6460608392954,464.727675914764,1149.73172061145,926.725879870355,225,513
273,64998.2431309568,263,187,75,222,598,708,562,823,1227,1010,424.101868458092,408.079552906565,290.700750332326,540.23761684075,257,381
158,64996.016645084,188,234,482,465,734,339,938,785,1233,436,107.399245724082,399.18834825512,1169.28177634254,542.753793764859,300,321
207,64996.9492606592,100,236,164,320,804,449,189,362,1069,344,550.465369969606,26.5480550006032,580.947352387011,261.91254677251,160,55
158,65000.0448206875,50,164,279,607,150,251,1000,692,643,360,161.558840796351,175.135195231996,541.564641147852,224.734040535986,268,495
131,64999.9994436491,135,205,155,580,183,987,529,846,788,432,189.61431607604,691.412608092651,762.439075112343,841.827752161771,40,88
192,65002.7409093762,251,248,451,189,152,265,788,542,577,728,319.289919175208,598.147641750984,655.042743869126,482.639747299254,57,113
112,64996.2558661557,277,82,320,637,827,499,698,200,1127,672,423.969758674502,650.99365345668,1047.12474010885,245.336980093271,63,674
71,64996.9616692267,78,353,251,528,700,699,337,810,467,729,342.181344889104,501.074327295646,691.595305781811,157.328481785953,242,58
182,65004.3995969902,141,85,358,627,883,154,397,670,538,775,272.896520793438,148.486146493815,166.245342325419,1029.38967067748,64,135
195,64994.1712851859,215,216,219,488,832,995,532,872,355,355,203.497035056353,541.930001485161,983.42884965241,262.482699472457,226,46
104,64997.3235479135,160,115,188,546,659,548,1002,572,469,615,153.800314664841,475.745089631528,247.870013024658,42.3177916556597,79,392
16,64998.7643444397,260,280,491,605,879,385,164,713,543,800,666.326074115932,503.870666865259,529.309989977628,833.308849576861,71,433
65,65002.6897063276,226,154,510,157,274,640,624,998,375,1039,653.434192761779,551.511380588636,9.0389521792531,49.0226425230503,196,124
256,64997.9584546449,125,311,356,214,367,910,412,577,608,1268,350.427330099046,303.072414058261,899.014766514301,793.997333943844,93,129
152,65002.1688369676,222,108,183,308,496,955,325,1087,1061,585,179.828386940062,371.20885993354,1088.45408968627,574.168557208031,286,405
194,64997.3205758731,227,285,242,615,792,276,560,965,813,643,752.180623076856,272.439506556839,1191.05190765113,400.490627624094,83,536
124,64996.1198510101,243,380,285,665,520,300,578,886,1177,799,87.2922765091062,63.0127864424139,598.218084778637,230.733938422054,3,337
27,64995.2911632509,137,368,210,282,576,439,819,200,262,629,426.50124579668,414.123551151715,1198.65501718596,355.313489679247,298,7
241,64997.7879038466,181,374,121,699,518,661,445,729,817,673,784.134910255671,200.379535206594,236.56892683357,267.677442636341,283,105
3,64998.0351907096,213,348,381,202,532,353,858,260,477,514,288.13667781651,542.283064941876,382.000537589192,367.228697240353,48,406
204,64997.1407813281,245,325,331,209,471,217,454,192,693,327,635.557822324336,606.508189067245,594.882305245847,807.229098491371,56,146
167,65000.0180316218,119,364,576,623,235,174,688,736,308,310,558.438372798264,316.200870438479,184.004782140255,323.484427202493,215,605
283,64997.2632925317,51,65,185,204,625,779,755,278,1190,257,597.642726451159,461.813419102691,445.92586196959,1109.79942949489,100,621
84,65001.5182433797,164,69,463,565,715,669,649,344,459,1032,220.554496906698,472.085024323314,724.422600120306,228.175895567983,120,517
170,64998.2694198241,283,68,134,778,539,477,623,251,852,378,199.644993245602,290.132606425323,147.314940299839,272.077392786741,138,464
246,64997.4718752874,165,282,109,184,313,849,1005,692,527,461,201.5948606655,257.785136508755,202.101935539395,589.662140887231,22,297
191,64999.947558383,85,253,415,794,784,547,606,866,554,566,40.2905683964491,551.404645992443,1010.71275193244,153.743236139417,289,361
156,64999.6541288309,66,353,177,456,628,829,417,943,924,860,391.238166764379,98.4091938706115,524.407907109708,771.243281755596,143,46
128,65004.6928087627,165,268,171,318,137,812,985,320,1178,1118,509.120854176581,225.650288769975,861.219350807369,977.718097250909,55,339
28,64997.0569895849,291,108,289,283,727,597,610,508,281,515,279.478536918759,528.242581803352,312.749237380922,1033.80528492853,251,583
59,64998.3632534484,247,71,383,428,169,445,714,642,756,714,34.940080344677,677.083629043773,1177.37285206094,467.909310758114,198,453
21,65001.6982317561,113,320,429,102,801,853,1007,808,557,834,289.025344327092,344.812465528958,470.793468598276,726.093746256083,149,532
5,65004.5398958413,189,170,562,280,655,809,691,297,716,831,668.082640692592,144.956580922008,558.619154803455,486.991982907057,176,602
246,64996.2405639887,187,198,225,271,189,216,924,213,698,1084,243.687160685658,62.3415895504877,671.251102723181,674.140803236514,132,8
167,64997.8768280726,201,282,214,107,358,374,321,946,831,1258,581.152410060167,471.90196942538,210.652096197009,433.267485536635,251,31
213,64994.6472152721,199,102,80,180,690,528,320,674,466,371,784.761121682823,593.446645047516,909.516978543252,30.6330618448555,209,470
42,64998.1013697988,69,350,212,574,284,775,761,736,1138,875,652.397028543055,550.32965359278,403.063110262156,5.2807948552072,81,237
110,64999.1562440333,52,361,124,671,891,616,362,1034,867,231,645.254997350276,201.745293359272,661.090444587171,472.789561003447,83,516
37,64998.7809165248,90,381,466,673,531,237,1000,554,770,894,439.868702925742,386.935869418085,282.115145400167,1123.15137851983,53,288
150,64998.0234063566,80,231,360,223,486,353,961,864,205,763,582.812060788274,63.8111672131345,157.124134898186,1100.2507628873,125,418
85,64998.7164244508,198,340,399,445,782,991,414,460,377,322,280.122464708984,35.762965423055,449.554157070816,563.48691182211,113,295
202,64997.4581995189,70,220,327,617,498,732,542,1129,630,1080,208.901601843536,394.524092623033,357.111396174878,1004.73195053637,45,650
103,65001.7224016365,226,220,303,588,187,266,915,227,475,980,384.377774037421,326.627017115243,801.430452056229,637.143686972558,207,277
254,65001.0136398656,268,396,509,126,272,168,393,294,495,325,631.348259374499,244.772867811844,636.103634722531,679.686054680496,230,235
31,65006.6572750177,261,381,224,577,486,172,914,802,369,858,167.719338275492,278.959738719277,574.434686824679,516.593615524471,266,39
28,64995.3980495865,243,173,402,416,891,482,275,1074,692,557,389.916715212166,490.340632828884,679.352786298841,550.873386114836,172,474
98,65003.4265840339,82,149,217,654,896,429,276,828,459,383,91.5102761238813,246.192420599982,568.418953567743,76.9054608419538,251,454
169,65000.426507444,177,174,283,246,242,163,164,940,1090,749,795.210561156273,551.34549823124,511.589415930212,113.525414094329,236,224
154,65003.1784206331,197,375,101,612,812,639,978,690,1197,602,149.808383360505,589.875709405169,537.737679854035,750.622411910444,192,249
115,64995.1301857423,33,86,120,522,174,868,502,624,321,334,677.310193702579,642.683792719617,380.383429303765,206.053682137281,48,546
80,65003.2230566523,113,209,572,154,801,726,225,1025,1074,1102,664.127921313047,533.403060375713,444.916201382875,258.52473853156,73,42
89,64997.7628185692,189,280,226,782,514,367,221,501,530,571,789.362833835185,61.6496058413759,340.560214128345,280.411541461945,298,160
298,65003.500076941,39,238,181,177,201,313,882,384,685,295,344.469583779573,545.265021803789,9.05200615525246,490.050581283867,169,211
90,65004.3947853671,159,204,521,514,743,820,245,1035,387,885,576.471078954637,90.5360192758963,848.490215465426,6.75995489582419,297,639
217,64999.7981154621,163,142,426,483,154,803,856,330,571,1255,300.982205942273,81.389790866524,448.92739020288,809.439025539905,23,680
191,65000.3392019664,67,192,211,689,365,623,431,705,929,1025,492.909906059504,87.843921338208,1133.44596773386,983.051582146436,110,283
215,65002.7267831419,290,333,378,160,899,204,662,365,978,827,699.815448559821,379.263609065674,1140.93388337642,1056.79831635207,103,200
201,65003.8992505861,191,117,250,262,778,384,875,292,1146,798,636.69725805521,611.325330915861,1067.3030057922,201.767827291042,70,645
230,65003.3793700417,219,273,438,434,754,149,524,189,724,1082,480.064015649259,625.428813393228,83.8152017444372,919.074252527207,48,600
217,64998.3085130432,141,384,342,108,890,571,499,918,330,1030,756.810424663126,531.140863988549,477.025579847395,233.711662050337,163,372
23,65000.6623689792,274,247,447,401,431,247,410,538,1200,336,391.376071795821,108.404623763636,796.974181663245,407.267159130424,161,184
217,64999.8869148423,50,299,268,549,257,869,628,816,211,1006,64.4897550344467,449.379775300622,11.7638655938208,96.2288528680801,91,544
260,65002.9598974145,217,331,238,604,350,514,703,644,510,391,198.221856541932,648.607203760184,434.303762856871,110.724755097181,277,211
177,65001.2919622645,189,116,457,389,732,503,442,437,924,1242,162.438161484897,558.727514534257,146.667250804603,212.221368681639,109,244
200,65002.1573146998,100,217,110,265,680,259,646,873,529,959,679.024551250041,461.195964040235,797.120309248567,381.169325485826,274,20
56,65000.3426505517,58,58,514,757,230,338,479,914,293,894,714.225574955344,621.809631492943,510.0695701316,128.167153894901,268,582
21,64997.4683366907,250,247,171,724,641,835,343,639,1178,900,593.045167811215,485.900306212716,60.2712563239038,250.895588099957,245,112
271,64997.8532595695,179,126,92,357,228,623,443,248,743,1257,169.947007112205,238.496411894448,1079.23629954457,441.149230487645,181,671
157,65003.8968570444,147,277,545,621,739,490,711,1091,385,590,574.12276044488,13.6880792677402,809.67345898971,501.688095275313,292,265
175,65001.4926792044,215,289,534,205,833,834,763,782,1036,250,547.314448282123,208.378570270725,476.754891593009,430.610805843025,26,454
61,64995.444928238,46,96,327,749,543,363,202,890,262,582,279.89325132221,11.8415556615219,1116.78150454536,1007.2876771912,9,243
82,65001.4937276088,128,398,113,565,550,508,426,976,1036,1288,102.615290880203,99.8821128159761,666.61227196455,1120.88765306398,56,133
92,64996.6926687197,119,132,574,734,616,240,981,240,571,739,407.881153747439,494.944019941613,646.324796788394,1095.08598558605,230,340
259,64999.3987250574,62,273,478,426,341,307,876,642,930,487,89.7472115233541,300.490751699544,785.870959237218,1061.20221270248,78,574
299,65002.7994307131,171,119,562,300,233,697,282,466,1101,1209,644.082227535546,520.669390214607,474.605845101178,1133.47709113732,197,608
68,65001.0871073539,267,166,355,191,710,530,997,761,355,1144,355.473674461246,87.7659673104063,501.644687075168,292.529263626784,55,219
29,65001.1979818106,163,103,162,118,229,499,188,708,660,971,125.445047020912,459.837946202606,510.462561808527,259.592644125223,10,699
28,64998.1235026905,256,54,165,364,130,445,167,863,605,281,88.084177672863,668.250346370041,370.108560752124,1001.3027750887,67,591
18,65004.4880783617,285,331,528,594,198,640,1039,754,483,361,415.916736423969,36.6937671555206,11.7875916883349,227.85721225664,299,616
160,65004.4504145335,142,188,108,798,401,705,504,989,668,1217,247.983789816499,683.649022877216,669.854932185262,749.671771377325,216,434
42,65001.1486580835,137,381,589,452,845,554,848,381,642,301,541.893244162202,85.9391869511455,104.335356038064,1172.03282089904,46,297
20,65000.9765227969,212,104,380,157,704,176,550,949,551,996,212.251385115087,57.8603280242532,660.814222600311,657.700376026332,204,309
229,64999.7193714025,114,322,197,182,816,543,161,730,433,868,189.81510810554,477.967771654949,1023.12422543764,362.078491318971,257,424
147,65005.2348008075,240,376,564,212,361,712,367,1051,547,1079,234.211238287389,625.921469158493,397.755075339228,650.258346833289,132,486
258,64996.1572285075,234,176,285,704,562,649,465,911,1223,1032,190.456983633339,494.422175502405,1089.44242559373,221.011886838824,263,491
284,64999.084288539,78,158,119,365,443,703,670,215,929,1205,634.914102777839,644.278760161251,134.398928191513,452.920059487224,257,435
107,65000.1949039043,178,210,223,287,588,169,739,734,668,644,733.974799700081,428.682201378979,1066.27894202247,921.64485482499,93,455
251,64997.6797240126,104,292,265,135,278,436,491,554,1192,436,247.391492687166,234.772841352969,1048.99143101647,911.943730060011,164,55
242,65001.8356093908,160,261,596,601,860,271,908,538,528,355,406.603129021823,275.10440305341,893.903650995344,663.082942552865,13,432
31,65002.011872152,36,364,275,724,688,222,176,649,206,645,35.2723140269518,164.530248288065,522.645315807313,86.8786873295903,156,34
281,64996.2427919408,232,228,522,115,379,400,360,545,901,1006,303.299318440259,244.954335922375,285.867228358984,836.684297583997,194,339
294,64999.8576636723,104,339,247,677,216,619,931,524,888,283,74.2898954078555,617.362701031379,389.235811214894,307.929781358689,22,469
19,64998.873803092,196,378,162,535,664,362,839,1023,624,751,55.2620338276029,119.989171857014,307.346120104194,261.854518856853,272,28
275,64997.986813586,242,137,317,426,400,877,798,641,439,491,775.426117517054,229.169857711531,674.302402697504,1018.63578446209,182,646
78,64999.6929841574,298,59,199,560,853,532,681,183,529,790,601.491094939411,282.690317952074,560.72953613475,897.91151471436,152,20
251,65000.75052348,257,378,255,403,358,617,905,923,952,717,359.712072275579,685.736706550233,1193.29373203218,21.9743491150439,19,610
96,65001.6210294999,66,266,376,429,362,890,512,733,697,1168,331.59176632762,552.353410399519,167.84108877182,716.131663508713,23,675
37,65000.1806013965,107,167,178,703,409,908,719,311,701,271,237.182351201773,163.299675751477,620.485101733357,569.810039363801,177,321
172,64999.8009477241,117,254,481,274,457,429,887,1049,477,1242,618.212060257792,504.128221399151,342.938094958663,1150.5485557951,298,314
294,65001.673119178,272,284,192,266,499,470,390,675,281,240,119.07482072711,534.23779073637,727.455232478678,773.355776164681,133,409
284,65004.9887594706,61,395,472,786,577,267,467,703,677,688,340.976887196302,43.1354326428846,739.858305081725,20.34932076931,115,444
48,64997.2566319599,257,150,439,606,459,876,366,1029,319,1007,565.246509574354,344.58879630547,269.23963855952,1016.67787358165,14,338
253,64997.4020926414,247,353,375,437,270,254,493,347,963,1161,728.053416125476,1.90781473647803,53.9556956849992,964.816710725427,95,371
145,65000.4443713504,115,299,375,288,139,454,1014,855,735,613,417.865398339927,121.080767014064,438.515437301248,1179.85569136217,221,200
46,65004.5649396733,202,219,188,608,404,576,911,827,250,840,136.298505403101,5.28954667970538,681.822857726365,442.18573635444,43,516
50,65000.6264146871,49,339,147,656,684,823,324,695,405,617,49.1626158356667,395.245779375546,612.434993963689,533.967051375657,233,230
253,65000.4322222368,291,332,246,177,892,302,716,1088,734,259,380.58707434684,21.0718953749165,836.519105359912,1010.74436847121,185,68
137,65003.3812111478,281,184,224,506,378,398,587,766,576,1188,759.679817780852,624.158164369874,808.326800912619,1129.52204430476,115,323
85,64994.4902248056,169,164,229,168,569,997,501,858,305,1020,711.662792228162,267.543973890133,3.18596195429564,6.03987872600555,27,281
34,64997.0686017198,40,186,157,352,241,233,237,518,527,1267,139.931811578572,601.439141458832,964.114258345217,917.248292360455,10,76
90,64996.9824265031,231,199,91,102,438,422,330,544,717,1102,419.971666485071,129.255840624683,474.358958937228,88.3971459232271,79,365
279,64997.7289216121,164,364,99,343,519,783,283,182,1164,1122,497.368263453245,47.5643003592268,1128.66198085248,410.178219806403,170,361
160,65001.1538527902,237,190,228,651,163,752,219,794,810,606,337.949058786035,582.732720230706,459.629717934877,631.583782006055,141,620
38,65001.058093004,204,284,124,762,227,543,485,968,997,531,664.109872467816,154.72072318662,658.394389227033,1071.56895976514,20,277
180,64995.0018867287,53,216,595,219,461,241,549,207,918,1156,468.030838295817,665.571225015447,956.969707645476,740.536853671074,120,452
247,65002.3714674977,292,288,437,710,277,252,740,748,446,995,248.199715092778,562.557173939422,216.091480012983,856.22645476833,294,693
140,64998.1182440327,259,251,255,488,358,640,331,289,305,797,645.412209257483,467.656793864444,974.750867765397,127.28586550802,155,293
43,65000.4219635199,102,241,457,715,655,151,781,1126,1078,241,91.5903590619564,501.717159710824,541.575784049928,1079.55401390791,284,667
223,64994.6658663931,109,209,319,563,243,549,298,380,1164,409,1.36331710964441,328.969862917438,440.669064223766,1077.36972402781,281,267
240,65002.4226130814,91,83,132,574,252,514,748,649,562,1022,324.517624638975,108.119134861045,918.330886121839,817.0783566311,202,175
98,65000.4153280997,208,215,417,601,609,451,917,309,1088,242,577.926298975945,62.2197744436562,208.404140453786,645.337560307235,280,49
16,64995.7457639983,191,121,70,457,167,643,265,408,306,1264,159.815211035311,370.355254691094,754.267377778888,704.755633603781,197,609
96,64999.1758467778,67,62,508,743,900,514,920,907,417,1194,418.137428350747,503.589416458271,412.615743186325,566.760092508048,65,490
196,65001.8738468971,106,370,204,589,729,1012,624,221,476,731,713.569474965334,583.674317854457,929.415845498443,1168.93685571849,65,300
154,65004.3396555948,269,243,593,621,572,826,450,670,647,1189,100.396219454706,697.543393308297,344.395735021681,15.0624088011682,141,458
154,64998.4249383903,178,260,568,582,895,651,1029,1073,457,1225,203.424336388707,127.393547259271,725.694364774972,1091.71170936897,72,279
159,64993.8110926199,33,113,294,644,313,247,1001,580,515,631,747.612186707556,493.367443978786,1180.9863419272,571.983986813575,116,153
225,65001.1204359394,67,270,180,741,447,1028,931,1082,811,423,119.239427894354,136.454083281569,1143.39538151398,410.979101154953,156,580
81,65004.8343309685,155,206,533,763,475,451,975,729,494,471,533.469951152802,392.692250222899,626.403726171702,13.6433137580752,1,643
18,65004.3384004174,150,338,539,339,396,304,1028,289,1106,902,113.179403729737,464.420713228174,729.545952100307,20.4086294397712,256,379
187,65002.3144109603,217,147,356,391,476,974,717,995,312,1173,208.163630217314,475.24864829611,1189.42696060985,760.083990544081,247,387
67,64997.7871388938,274,262,106,202,151,155,526,613,878,655,229.95104957372,119.432510342449,336.861487291753,78.7257676944137,144,200
206,64995.9959434199,85,360,362,417,574,846,261,358,625,1273,443.237274885178,505.101026711054,1148.49920701236,1000.95251966268,56,628
208,64999.7403519621,66,145,541,446,283,705,287,269,200,330,734.891394339502,295.836968766525,964.88727349788,715.104360692203,170,111
175,65003.221850915,135,228,426,478,411,709,208,809,857,1154,199.398214556277,627.141872793436,225.252611003816,816.000991221517,181,293
112,65002.2583277321,54,195,201,254,874,741,539,463,862,704,764.50648996979,256.239331280813,390.96455052495,719.372499268502,112,605
220,64997.833263182,279,249,77,700,433,432,204,718,929,753,568.638751097023,499.555812170729,1021.17330702022,369.762336742133,136,156
74,64997.9077631132,83,232,139,658,618,904,550,894,1013,267,541.954682022333,678.495769598521,8.29758513718843,1016.10472826287,235,506
199,65001.4759970918,43,151,163,261,714,532,428,420,936,1271,313.452455028892,666.832237271592,958.589409571141,631.133074779063,228,653
34,65000.1127735153,84,284,170,720,743,896,916,329,364,872,80.7975826784968,84.1562675079331,1002.10555521771,1069.45452773944,114,200
270,64995.5618741549,119,328,76,431,486,179,696,225,986,676,75.0272884964943,534.593212860636,12.0423219166696,1047.36437816173,241,638
232,64992.3786109357,275,71,241,520,461,412,441,501,500,485,731.774749793112,223.782801674679,428.82300876081,643.495563603938,153,181
146,65001.6997952877,172,52,393,151,136,694,589,330,659,1173,38.1079252809286,432.403272925876,327.093899343163,790.090736467391,189,446
145,65006.1913935913,163,306,330,775,348,733,432,940,203,813,526.91582981497,288.35352291353,9.03000561520457,25.2202344126999,223,349
65,64997.3725386245,178,53,206,665,785,334,551,999,1154,443,474.483887478709,403.844234952703,564.780011493713,1098.26935920864,231,114
164,64998.307824195,278,382,422,307,492,311,377,417,703,634,395.512678660452,544.958230736665,19.3431875668466,936.469330452383,14,638
197,64997.8533759734,162,276,358,587,512,317,730,682,619,573,784.003227949142,471.017724811099,1124.88308222964,617.365041654557,50,592
144,65001.4731819312,287,104,524,273,173,760,407,194,563,1279,111.310665495694,646.369271888398,209.016148746014,748.289955127984,287,295
84,65002.142341503,276,366,262,526,755,458,282,765,519,649,31.1205741018057,555.075738625601,353.031874168664,331.017035990953,51,527
162,65001.7030309044,97,166,291,103,163,904,730,314,1164,466,527.08543613553,388.924317271449,126.895155385137,245.816036593169,72,87
145,64995.5032611193,77,272,342,171,784,628,797,584,810,398,482.910981215537,686.293057585135,1120.46280400828,162.515465822071,244,289
138,65000.5986972889,72,326,417,713,439,511,239,948,1036,1268,286.976080387831,572.589437151328,586.092667747289,651.002069190145,57,168
135,65002.9327407517,58,322,435,436,749,974,998,817,943,1090,311.19089871645,157.733141118661,779.557233955711,1175.44025816023,273,433
194,64998.0923951845,71,381,465,630,712,722,1013,927,996,435,422.650978527963,696.371274720877,530.965673178434,136.601856350899,84,299
5,64997.9489289141,262,328,567,480,293,784,493,628,985,867,109.588846750557,439.930892293341,762.328025512397,622.140135057271,186,137
84,64998.197486729,125,368,488,711,212,943,735,515,648,233,529.552189260721,538.508515269496,625.105614960194,972.336636297405,224,412
178,65001.4861702491,195,285,571,353,469,451,548,463,330,497,226.625340990722,673.115801624954,526.603258028626,4.59060212597251,96,641
77,64993.3146737672,62,170,502,631,522,595,413,619,671,713,10.4123191908002,269.034716323949,773.932068888098,1074.20004112646,194,519
123,64997.1180115541,221,400,508,417,153,659,427,579,797,343,293.598680943251,513.153603626415,550.796310044825,762.74451110512,80,496
107,65000.1428599362,89,262,466,243,579,443,914,567,687,816,570.404783263803,656.14105341956,904.096198361367,253.611846361309,26,475
254,65000.0304792848,257,259,168,115,209,730,382,846,368,687,381.565181910992,210.89439317584,457.72365052253,742.747623939067,5,241
227,65001.7387947178,92,79,481,699,857,226,264,787,719,756,682.797646522522,102.439507236704,293.264488689601,1042.14344350621,272,53
35,65005.1446996841,92,93,345,567,370,163,829,660,520,841,209.342166781425,393.699873262085,788.948627281934,767.203511483967,292,238
224,64997.4073482734,281,393,492,666,303,718,363,1030,581,1132,426.690997555852,193.481456465088,552.42742979899,896.721241716295,234,160
37,65002.6379262471,245,93,76,589,292,394,378,350,391,1273,235.92424839735,103.021313855425,375.735088437796,1111.3463784568,158,443
283,64998.298792018,293,53,408,495,374,642,422,989,592,1202,487.535132281482,111.213999730535,1007.12195327505,528.603906556964,173,419
135,65000.1788979978,300,59,408,268,731,500,838,386,209,839,126.260687410831,674.729352700524,396.980799827725,448.045737482607,85,42
27,65000.6705146485,57,62,524,507,727,457,191,1060,722,1264,378.172882832587,639.55147145316,3.28557919710875,911.353330593556,165,133
73,65000.4543296981,217,135,451,364,627,764,198,924,1124,612,64.6180313080549,127.754995459691,1063.5658795014,504.818702302873,256,439
193,64998.2018249323,209,63,364,112,576,834,722,519,638,462,786.608995310962,28.6715412978083,591.771393734962,339.903925638646,234,56
260,64999.0152470076,257,233,539,675,524,516,671,308,1020,562,391.588376834989,211.003039381467,349.918771907687,859.026406891644,180,549
72,64999.8380139494,123,226,509,111,752,189,319,915,318,419,354.740319028497,288.428301247768,885.951203852892,694.686016347259,166,153
39,65003.2929459247,46,231,250,405,607,400,181,609,411,935,286.36676762253,311.256350437179,959.690682962537,502.188404090703,76,490
85,64999.8210010038,169,105,392,622,519,775,451,482,464,335,236.596447788179,28.8154671201482,524.432291183621,1164.22277363017,160,185
21,64998.0476675839,113,139,77,725,451,578,377,208,259,1148,674.54024720937,107.148378714919,743.784468714148,234.920947998762,94,396
193,64999.9802863741,293,309,177,183,578,553,626,878,245,1201,343.079768121243,561.985809868202,565.945225115865,151.152137015015,208,535
8,64999.1432137747,134,283,317,507,279,986,649,730,487,400,233.275237865746,308.99052657187,131.355134490877,277.093033399433,71,325
186,64996.1616972434,145,158,118,597,828,821,253,655,744,546,255.930635519326,271.47875323426,1063.99886403233,793.062208592892,141,561
71,65004.4536231717,255,321,468,109,282,714,569,409,507,260,274.100293777883,382.278960337862,722.722514346242,894.806262664497,86,440
64,65001.3652420793,107,73,574,632,294,907,950,649,205,433,351.360116526484,57.9903546255082,476.590830367059,567.715628352016,191,356
58,64999.524185467,91,378,594,138,580,410,527,274,505,1048,799.517389014363,360.084660770372,1117.74702882394,649.887793231755,263,432
285,65002.5015331434,255,115,158,161,738,556,517,673,602,1066,90.5519586056471,255.088341608644,482.217718474567,154.197306185961,270,52
75,65000.9672306829,54,332,509,245,769,986,978,277,897,1177,20.08420471102,452.954862406477,319.220450799912,876.416533626616,219,106
55,65004.4421761754,197,285,535,728,418,617,747,665,950,360,412.638873979449,69.5582388434559,211.319538764656,475.313296448439,261,187
68,65001.7004510875,166,205,174,645,517,608,1023,780,268,1196,177.831968478858,234.460312523879,949.591024685651,522.737084515393,296,524
225,65000.4966001991,157,358,318,736,487,796,725,1053,1104,1054,15.6383577734232,240.50716701895,469.851014390588,39.0874346718192,110,454
217,65001.5201035831,180,209,73,755,816,455,173,824,562,1034,530.632626079023,379.530573007651,634.936621505767,326.095044706017,86,513
244,64994.2183016843,84,98,569,115,528,578,864,511,263,987,623.370596207678,518.272974365391,585.00444078818,1006.88976896927,269,318
276,65005.3729993499,169,76,173,154,716,214,348,834,402,434,318.27389691025,567.104095639661,501.22355427593,1015.50846258178,215,426
287,65002.8316063321,203,76,515,496,458,1009,560,480,746,301,507.432447746396,182.615593657829,607.624293118715,340.782131440938,7,386
19,64999.7953803522,112,242,483,233,537,558,723,410,284,293,279.932815209031,328.941028891131,1148.14513111487,220.246888138354,266,301
6,65001.6308131944,93,133,569,262,707,734,629,1073,551,543,111.572470702231,67.7161163883284,539.040546119213,92.3359525389969,194,679
105,64999.4454597593,159,331,198,701,222,813,241,850,1010,1106,306.922516599298,59.0904284035787,1044.34039313346,106.673610024154,155,390
284,65003.4198573862,128,65,484,152,800,284,797,909,596,317,745.019436255097,306.194523232989,716.613519843668,66.5695142000914,204,476
202,64998.1212904757,39,281,322,382,182,788,1032,1139,458,471,12.9583422094584,140.76861999929,222.157296258956,15.4157666489482,17,565
141,65002.2408985798,161,69,586,449,458,566,332,416,772,910,544.175726175308,203.189128264785,1016.89605759457,1169.77611640468,7,487
232,65000.6538044129,37,183,204,237,687,418,279,233,800,768,619.250103645027,84.7046042559668,450.467718858272,1123.97207580507,148,367
146,64997.5941698568,289,339,472,471,815,303,611,476,1133,402,456.565011478961,362.35795521643,727.220038790256,1017.11028115824,88,674
252,64999.1102847302,225,391,596,152,781,852,589,197,979,1026,254.771746881306,80.1162270829082,617.729791346937,193.45843764022,51,57
184,64998.3415559215,97,158,83,570,610,398,736,610,459,1134,260.673983581364,269.761912501417,1072.73790109903,614.225443918258,69,145
56,64999.730985304,227,67,472,685,518,308,524,317,416,267,372.998550720513,680.116505874321,325.951538980007,682.571543008089,87,672
208,65001.1921500566,97,74,449,552,788,296,595,384,1123,408,164.98817037791,346.463504945859,17.4934345297515,939.058398082852,130,98
283,64996.4278237516,190,182,434,162,230,759,326,1093,816,1202,61.0143158584833,421.647235006094,807.385695632547,194.506551325321,174,92
236,65002.1960392679,37,204,294,512,352,932,917,1024,591,1000,202.215761691332,200.608402071521,666.864527855068,680.764000676572,149,17
172,64997.2568467814,271,138,143,479,629,408,190,856,902,1124,797.313719987869,618.772966321558,652.509773522615,946.146631613374,106,370
287,64997.7176610377,298,179,565,181,296,276,443,912,505,232,54.8203717917204,646.667755628005,968.521380610764,1124.08861806616,37,564
64,65005.860426996,261,204,287,297,152,682,640,1065,1157,263,618.800413608551,319.410404819064,936.453421600163,33.0373523756862,191,225
140,65001.4720540875,249,115,336,579,695,744,543,966,496,926,461.78142298013,555.827075126581,346.869421564043,135.446561593562,180,635
262,64997.5998411971,192,364,519,626,766,997,162,1103,815,809,799.287280254066,630.928210914135,876.733044628054,992.58085526526,101,210
181,65004.3337284365,172,60,423,556,736,611,1023,306,908,878,599.056144803762,149.115449329838,757.060697861016,555.631805956364,87,168
190,64999.2997425816,245,347,269,677,225,676,687,954,1031,1150,695.063562691212,664.641901687719,24.2142205126584,172.90826048702,140,1
25,64995.4519099282,52,280,508,551,867,836,401,1099,544,1160,180.33787291497,474.020052561536,533.251295238733,342.231075000018,286,418
173,65002.0974866104,229,347,283,469,704,264,462,799,829,390,228.921722061932,8.72073632199317,346.495757158846,244.746102299541,5,47
32,65000.1373512033,56,338,599,724,367,289,431,567,1092,914,49.3838088586926,495.759380119853,859.917088318616,124.077588412911,268,398
156,65002.2662211482,278,305,197,687,872,1029,323,690,567,447,538.915564492345,361.117712175474,182.843917608261,363.486349303275,129,529
184,65005.0469835661,194,223,490,389,458,693,433,280,848,1150,412.516260147095,243.658691900782,19.6698085404932,405.538807902485,109,320
270,65004.9653552464,278,358,186,622,156,532,920,241,588,355,68.6237318441272,106.314777000807,822.804985754192,486.505510937423,188,505
114,64997.3346424248,119,359,184,412,274,900,160,941,501,539,597.867968864739,481.379252113402,420.768396556377,86.1711951903999,140,247
221,65003.4480405966,169,171,78,753,872,342,226,873,733,1210,123.780226148665,616.262003360316,1195.14061594382,836.853480432183,184,695
249,65000.478185672,248,243,357,228,253,934,896,537,240,334,84.9242128431797,28.9550617104396,743.902919813991,988.294457830489,102,604
109,65000.84890775,200,267,503,653,665,392,669,298,978,874,408.560994267464,463.145956909284,146.785420831293,559.785099606961,194,499
219,64999.7837771574,221,124,248,444,372,911,572,638,554,865,788.269486278296,474.637198937126,943.743932805955,1111.07098404318,202,230
199,64999.509201799,289,234,129,371,505,980,165,393,620,666,765.716374479234,539.077128702775,788.598442263901,1018.63090815023,5,31
259,64997.1442409039,271,281,455,616,121,801,754,869,975,487,373.187109455466,479.963324358687,1116.36126302183,961.358420178294,204,218
121,64998.7628938573,202,342,519,317,873,925,1025,677,1088,525,783.993817679584,485.288163041696,599.754340108484,975.982086081058,290,556
48,64996.7061298254,51,326,584,639,238,795,838,340,331,943,396.380522102118,89.5399160915986,618.982331268489,37.226774264127,207,537
9,64997.7819147547,230,170,559,535,542,944,1016,505,1051,281,126.771875657141,256.910563050769,731.388412602246,490.30779171735,70,683
194,65003.4049970296,200,67,188,175,572,736,1048,468,996,905,75.6978871300817,508.620985178277,558.264313917607,462.167121469975,11,496
85,64994.2858951951,236,88,564,228,275,996,442,1086,1035,1294,216.354528814554,642.511473898776,36.9246765039861,203.972187638283,179,231
46,65000.9883612113,98,281,406,114,371,349,772,443,579,464,464.8422120139,144.119972363114,447.982611693442,276.292984932661,258,235
283,65001.4425907847,67,97,235,129,827,594,466,1113,229,988,179.655173234642,536.226656637155,497.469655796885,1087.00325069949,74,393
285,64997.452877317,241,288,336,733,461,698,971,705,559,1005,15.1396697387099,42.9445238318294,170.399647112936,952.73704463616,193,333
283,65001.8769889612,193,260,311,595,163,769,515,967,488,1199,643.609593994915,233.899834146723,400.220573041588,951.059094071388,283,494
78,65003.2506594279,154,239,132,416,550,537,591,776,1165,425,754.421849176288,523.968620947562,402.709021791816,774.128909222782,148,574
7,64998.1577372252,130,287,199,468,415,717,882,975,616,701,462.921337969601,86.6816813824698,1066.39860766008,114.019035547972,207,36
104,64998.9501109358,133,314,346,435,567,191,687,674,1221,972,391.048179753125,625.18948263023,705.120912194252,286.196100711823,159,693
161,65004.8930735126,248,296,334,764,569,1009,353,601,858,815,64.8819779977202,30.7957864366472,610.738443676382,1021.43340362236,146,555
202,64994.5376751408,278,185,192,212,739,821,571,863,738,341,239.544920623302,49.9805658822879,929.319776874036,702.317758463323,300,279
187,64999.7569962584,250,252,119,791,805,185,595,462,848,1155,312.633947841823,105.021865526214,670.629130583256,651.902403496206,249,88
55,65004.6083274213,144,172,151,384,692,940,740,577,1199,1168,613.097959756851,680.231656669639,293.469747528434,37.5186265446246,108,663
9,64995.9880858266,91,215,465,633,439,777,660,1014,404,927,392.156681418419,171.37014688924,912.831732351333,710.236338805407,168,379
88,64994.239632832,277,367,402,718,717,463,882,560,1237,236,350.267126597464,696.438487619162,475.97941858694,866.49464070797,103,422
138,64998.9435193443,52,243,401,100,568,794,919,393,656,295,408.26125536114,244.208788848482,966.34280635044,871.573196165264,294,444
41,65001.7421491201,181,142,129,342,280,968,251,873,658,277,707.978189364076,681.236991286278,1133.40711537749,572.477139439434,254,697
166,65000.1436343814,286,308,470,360,403,838,524,955,358,521,329.163569025695,472.792213386856,420.587265025824,855.079524591565,35,199
230,64997.3568993127,168,396,406,520,627,791,464,518,799,889,33.8919244706631,514.757204684429,476.26577205956,602.577252499759,37,416
102,64996.0200179215,175,235,553,585,161,148,816,338,1248,1172,788.563473336399,91.2856770679355,1054.33764830232,552.093714661896,227,148
260,64995.0454402006,189,295,460,522,389,328,675,258,263,1013,317.058687098324,157.498469017446,725.82200858742,325.427811965346,224,323
179,64999.8302445898,184,194,340,534,395,531,1030,465,752,1195,255.810447409749,406.497555691749,654.513622261584,975.490200519562,36,189
77,64997.0231740472,129,221,143,134,291,383,701,569,1074,1260,545.322780869901,677.437932626344,524.160950537771,512.187670078129,56,121
262,64997.8442337949,33,213,185,792,827,186,248,430,749,1023,577.805366925895,320.941614732146,336.359464377165,866.582258418202,180,658
216,65002.0662854617,111,393,314,533,736,712,544,941,718,693,500.180758908391,497.649923874997,889.040659368038,474.946738500148,39,209
236,64998.9378761836,121,241,126,237,333,575,208,222,356,636,721.072993427515,270.575035759248,500.652097072452,946.752704121172,139,189
9,65006.9481601566,57,131,312,778,545,708,783,784,407,729,145.430834032595,623.670126846991,145.786452200264,898.469498567283,293,39
75,64999.838093044,146,81,119,192,362,906,300,826,581,1144,129.918285831809,112.352397129871,323.137428704649,1174.06803835183,66,28
298,64999.8549823884,116,62,541,761,826,728,754,973,612,684,124.871126003563,478.047292097472,1115.50968848169,831.709781382233,39,481
146,65003.0720851692,61,121,179,537,731,853,886,194,1002,1080,221.887717396021,507.579746237025,107.384081650525,15.081332065165,101,671
297,64999.2833765758,247,373,307,635,254,367,845,671,570,1297,299.766919948161,696.227261866443,761.543567664921,997.49509440735,23,327
226,64998.8394537107,146,69,481,614,233,241,561,907,837,976,12.7763364464045,427.431535511278,1174.17473634705,548.246937151998,41,265
215,64997.4661619181,229,195,409,303,663,198,297,296,354,513,473.973888345063,90.0304793380201,663.576131779701,454.739384260029,64,672
178,64998.7349850046,189,103,147,649,470,700,792,332,531,1000,141.632235608995,175.211219559424,871.16452390328,343.737281765789,176,615
18,65006.2910641987,127,101,423,467,334,246,197,187,299,911,708.478922024369,595.361651014537,37.6047251746058,601.009763963521,75,381
139,64999.7520448367,201,108,538,284,285,620,694,498,396,539,173.98486956954,400.046289130114,444.73802447319,788.247692026198,132,445
220,64998.8022164208,208,358,399,670,291,868,621,341,682,242,327.741200476885,692.733909795061,943.199988361448,751.737749017775,106,189
190,64999.8204798996,221,135,350,435,488,339,637,867,1095,1036,328.591826930642,417.379857623018,762.496786750853,133.759316056967,13,273
102,64998.4731417535,256,393,538,253,433,173,499,763,940,343,730.085309222341,455.222309241071,78.1140091829002,923.644755966961,90,159
232,65002.5900969177,152,102,473,728,705,196,194,996,203,473,247.871555201709,126.787289185449,555.235519632697,82.8935598023236,288,553
81,64996.9173904261,228,222,587,481,638,921,852,616,514,515,717.068549990654,280.835860734805,1060.57217661291,855.587590299547,146,346
75,65003.0355760853,30,298,489,648,192,516,365,824,762,571,790.895249694586,507.630553259514,257.487853802741,566.550872381777,27,160
242,64996.5575388197,230,168,397,476,756,399,343,251,833,1182,588.128158263862,117.914283368737,552.324317023158,330.609825532883,174,45
179,65002.0979050267,162,78,499,262,889,614,230,779,979,568,492.171194031835,63.4414620464668,1123.74543724582,218.052365072072,152,448
132,65001.9347687435,223,57,505,308,182,874,171,871,849,278,476.556810550392,123.219330236316,1023.4889946878,482.788612972945,114,270
195,65002.5305856621,142,56,98,290,202,1013,353,331,268,875,732.707454636693,267.428188282065,1148.36216792464,338.044741842896,294,455
280,64997.2125758271,157,326,595,361,869,172,812,475,916,764,241.665434464812,437.887207092717,44.9090011417866,357.877068500966,87,94
217,64998.0858561746,44,224,517,738,680,339,444,186,567,824,493.094510957599,334.535025409423,609.127888083458,900.786873791367,287,493
202,64999.8217790104,162,338,572,173,616,717,865,387,499,1298,767.604654468596,229.594752797857,799.192862492055,388.909722771496,43,448
279,65001.3460955589,195,73,387,485,466,1022,229,883,231,424,772.688767686486,379.019226040691,99.5962514542043,138.054628483951,170,124
113,65006.5892624694,263,152,552,418,326,928,1040,255,226,1257,354.907906614244,261.61795547232,768.646049872041,155.208183266222,28,327
32,64999.0216278271,190,315,110,205,331,601,808,668,207,260,744.35355477035,191.679769218899,234.465197380632,937.855475954711,248,254
171,65000.291730198,194,277,499,95,276,710,380,701,837,781,533.260488882661,305.666456487961,70.490089058876,1078.50593095645,269,319
236,64997.5396977665,39,59,375,589,798,727,459,246,1156,1015,708.797962404788,375.106157781556,161.679992359132,1016.23624814674,80,665
248,65001.3958124146,156,88,242,643,368,771,1037,799,1214,743,205.171533860266,618.648572033271,558.030783198774,881.931181065738,142,633
99,65001.9089067938,255,223,388,639,265,472,544,859,836,538,280.007422529161,116.638098028488,797.456793487072,884.234069287777,192,174
41,65003.7962692697,177,100,230,201,464,172,830,863,244,358,200.84511693567,495.860094996169,184.048936329782,31.9106681272388,130,456
291,65002.8542121847,122,58,94,386,273,765,442,528,593,505,679.236152395606,185.570949502289,629.762230999768,752.8484380804,164,102
45,65001.5115111406,293,185,86,109,634,558,219,835,938,1141,516.541970334947,155.172091838904,337.671711388975,736.756382044405,297,462
104,65002.8388551752,218,236,511,301,186,909,741,473,625,1190,21.159940585494,288.438894390129,422.401653137058,583.737058471888,269,28
192,65002.2930489594,137,273,154,465,229,142,975,1103,1085,397,311.137756332755,412.307478347793,692.662670183927,444.11299014464,31,60
24,64999.147571032,289,399,326,778,812,290,717,1052,433,483,744.614186882973,192.775999079458,716.386651061475,815.924898907542,229,174
187,64998.6169231861,49,253,139,103,408,729,1025,584,725,1086,463.137329556048,469.47695245035,514.516873564571,289.199743140489,7,498
160,64996.0485743834,118,109,588,176,219,860,210,237,663,502,756.66220150888,262.186043453403,800.108287297189,613.932353910059,131,485
61,65000.7742560055,247,81,134,451,356,421,653,960,1245,1285,56.2580427154899,312.724398355931,517.404963914305,735.173501539975,59,41
174,65000.368438351,64,127,523,327,220,829,931,380,902,1143,103.436231426895,194.974087853916,1174.05820917338,787.001289054751,69,81
155,65000.6298512699,96,177,250,126,126,405,527,1069,218,806,590.650978125632,354.742501070723,975.825735926628,102.570986934006,132,235
241,65000.597436983,34,368,261,269,804,352,701,374,322,502,755.533905513585,161.616944265552,573.289654310793,783.383999112993,59,668
200,64999.9770096489,234,395,94,164,473,278,169,370,937,828,286.505451053381,385.343112330884,87.8398340195417,301.074420288205,228,238
139,64998.7273510371,51,268,357,185,680,1006,542,227,1057,748,37.7338714897633,34.664762346074,836.525376141071,329.535653628409,289,518
173,64996.8088090205,187,306,141,401,468,582,397,438,498,1115,746.370254643261,128.034978033975,55.2830999717116,956.334408558905,242,21
150,65002.5912151024,58,215,278,100,239,1009,223,547,541,1175,204.433130845428,589.813527092338,1144.67777051032,1093.3422781527,193,423
209,65003.1832336334,83,111,80,369,542,781,252,502,1149,349,79.6378141269088,52.8821419226006,819.582690205425,842.70119452849,10,217
94,64999.8718892069,207,278,163,200,133,264,962,440,427,292,728.461165353656,699.25088591408,170.838254503906,1008.16985433921,52,259
219,64998.5523265415,40,162,239,378,371,612,569,1002,795,950,59.9525611847639,164.034333708696,1094.36636343598,200.123391486704,74,315
50,64996.5692359177,94,269,320,741,855,431,213,214,469,477,391.809431836009,65.6443318817765,181.892509572208,833.416215050966,134,270
223,65003.7590153805,173,146,172,246,709,1014,364,1101,213,758,487.713157571852,491.762291500345,6.92680366337299,1142.77314450592,172,624
226,64999.6987238959,295,56,123,138,682,1001,849,431,1166,867,432.259567640722,664.464668813162,251.143880467862,663.152717426419,261,252
237,65001.7320754209,292,233,72,218,613,869,635,424,614,404,515.968809276819,23.7271482590586,419.543130788952,508.413020800799,210,608
90,64999.9036911204,239,171,378,785,673,942,358,333,619,873,14.6578162908554,362.494730227627,134.666496701539,457.520134840161,191,620
69,65000.0504703067,50,273,272,238,873,637,735,648,483,1149,131.7526768893,259.371211845428,1170.57052161545,656.591626256704,60,556
86,65002.7766291259,122,393,536,474,611,481,161,1057,724,856,705.946609191597,526.241379673593,806.87399385497,890.827974490821,139,474
257,64996.9085740271,60,93,319,262,803,480,1045,684,996,1007,746.428920142353,262.607711018063,661.091687623411,937.43149805814,150,278
36,65005.6383051766,202,97,355,288,344,683,585,398,744,707,611.051745899022,348.991919634864,1122.8203332983,430.701550841331,270,47
113,64997.5138715157,137,111,132,127,654,652,435,857,334,279,436.911078542471,203.298339038156,59.6540370024741,1026.40068065375,76,96
153,64998.6012907278,111,100,282,558,660,641,410,210,686,603,403.670806437731,121.090942597948,796.082665398717,376.521549839526,152,591
280,64999.973874765,139,247,86,617,482,644,983,782,869,352,512.824909761548,62.8112963866442,214.58091577515,654.847358074039,283,189
195,65005.9528222921,48,102,91,522,440,664,540,1108,625,340,766.99493676424,49.7757146600634,1185.62322836369,842.388252262026,168,143
80,64999.5509264833,112,382,433,748,716,179,987,521,568,597,244.588921032846,318.136829952709,1146.67434543371,654.548576753587,128,269
277,64994.937900544,270,58,89,319,443,244,681,751,428,776,513.083004020154,9.09726046957076,397.515004780143,810.016701277345,271,443
109,64999.9394217516,195,250,333,787,433,627,281,781,446,695,39.8845426738262,691.688234661706,331.509339250624,483.12221551314,242,629
196,65003.7522793095,106,50,305,258,755,232,288,275,857,832,77.9867062345147,394.650689768605,656.226713117212,143.434300459921,97,132
92,64999.719511742,137,82,233,790,195,877,180,490,1190,566,242.796291969717,115.561638469808,680.093887075782,742.820080183446,296,576
36,65005.0316108983,156,92,317,206,617,973,880,1061,1108,1166,25.6877297535539,106.797033571638,194.929913710803,316.889021638781,14,153
180,65001.979908594,251,374,399,284,713,633,623,1076,399,710,409.196766652167,343.834507721476,946.48878145963,174.973470065743,89,19
155,65000.724368186,156,316,136,748,155,204,909,300,789,524,212.384580262005,558.284963015467,365.331070683897,303.965045046061,179,383
177,65002.3641194275,133,220,425,96,707,648,717,506,1155,915,458.443550206721,487.920003966428,429.417542181909,128.552977647632,119,270
205,65003.460470337,197,358,428,311,558,341,917,808,540,1199,679.037316702306,44.5852347882465,64.6783492527902,68.5167993418872,251,287
26,65001.4066076675,50,332,231,753,182,991,467,886,1201,760,497.806503623724,271.652146591805,569.68235950917,549.497363995761,122,578
37,65000.1937417282,216,211,115,532,207,810,718,670,277,874,317.579033970833,604.833623277955,1018.19379217923,1163.27646207064,218,546
210,65001.3951846966,270,61,464,150,139,483,883,540,1099,810,687.013255991042,143.491370021366,384.792668838054,126.379630062729,282,492
246,64997.1573875551,93,180,453,442,388,380,795,672,735,1179,634.504545852542,199.170850915834,105.299716629088,1169.8726605624,26,466
177,64995.9586069685,98,178,555,648,189,710,573,720,412,597,199.221484549344,515.693143592216,220.211963821203,1086.72288078815,286,394
138,65001.3846039014,43,369,518,472,650,434,237,282,1158,871,104.501703195274,108.320435206406,651.691932231188,965.501031372696,58,516
216,64996.2700416723,137,258,146,302,408,183,670,418,694,465,724.148281477392,329.073054948822,451.66637012735,1136.65394727141,77,644
181,65001.1210943842,236,227,363,498,172,392,169,389,1152,249,526.116559281945,557.784372172318,883.240654505789,505.87977161631,185,205
9,65002.9843840219,171,370,337,229,850,401,949,573,210,1169,142.420609109104,59.4828595407307,415.757482498884,645.448615774512,51,324
237,64998.1561868888,246,299,197,564,446,889,439,182,1128,1110,395.035604573786,143.089603632689,723.716188129038,1137.85234680399,14,112
245,65007.0411373072,89,122,132,153,194,201,942,413,763,1039,562.516481243074,362.139173480682,13.6130640283227,394.980166386813,264,286
256,65005.4636404752,48,306,282,745,432,155,879,440,1138,955,600.586989149451,166.468443907797,477.742131147534,191.069147642702,186,587
6,65003.1957390687,194,266,430,674,588,447,872,406,392,716,505.36823682487,312.103451252915,618.068826757371,123.071250412613,177,309
291,65001.6612644809,46,252,266,385,156,485,511,1059,749,524,741.020468994975,550.950820720755,396.724259387702,1175.99069410935,138,208
19,64997.894224465,171,196,113,547,791,949,380,767,225,590,2.50358860939741,403.918217774481,1166.43658541143,229.012574348599,273,423
185,64998.9818470702,151,246,179,96,351,633,555,833,940,452,725.628610700369,294.15151940193,159.804799687117,632.37419296056,138,224
283,64999.1571931749,275,79,314,755,390,578,953,721,502,634,212.738602049649,152.705384534784,1099.19876642525,1120.21880317479,226,142
67,65001.6009025251,129,297,516,122,591,980,875,475,1011,1239,296.986144036055,698.089463147335,669.457928370684,977.209374401718,36,380
284,64995.5318870157,70,121,508,631,268,956,790,1101,896,313,11.0746243968606,366.797579056583,1141.94104727358,278.977102506906,78,134
195,64997.8099313474,113,387,211,595,365,701,380,807,420,741,528.196966834366,312.108542630449,776.506569329649,1167.5964217633,85,286
193,65004.3475755696,278,205,248,643,774,632,881,384,894,1013,134.015817567706,489.760704082437,725.426117051393,967.812340892851,138,30
119,64997.1650632989,244,90,119,118,249,925,976,256,1249,528,382.582016475499,33.3818608662114,517.035169154406,1075.84664309397,27,90
136,65000.9966683324,261,105,152,267,130,356,266,1012,1010,446,592.252526991069,147.46700245887,1121.69514633715,1152.30725649744,280,586
231,65002.6134138478,186,99,228,710,879,316,289,669,346,425,460.87414957583,159.124514251016,1062.55862116814,70.2548741362989,148,152
152,64998.1983002422,109,264,211,383,885,865,749,620,1062,415,111.16723138839,368.693610397168,676.224976871163,581.695498712361,275,433
205,64994.952060815,250,151,73,677,249,247,187,1058,635,764,311.025596596301,48.1654271250591,1048.3744061552,104.175147134811,261,349
45,64997.8222725604,105,156,256,343,262,1005,554,613,1004,635,378.860673494637,39.5182898035273,673.767256457359,446.856764517725,80,473
185,64995.7526376054,215,104,533,329,620,817,912,650,607,824,556.636145338416,651.54077289626,657.133736461401,836.036343779415,89,402
8,65001.6047473455,197,240,240,100,617,696,666,1020,737,1058,128.263062983751,430.184471653774,31.4683724194765,562.73085186258,153,453
88,64998.0454271946,159,177,546,593,871,656,745,1000,592,1259,758.22736248374,144.026781688444,1105.52344433963,315.892619546503,70,543
72,64992.6729240924,142,360,513,423,819,714,567,670,1070,742,713.954101502895,638.367366068996,45.9703462198377,1116.02143831551,246,674
132,64998.3409772022,34,390,228,140,269,373,754,621,620,1238,57.4861437082291,576.444080309011,766.446011513472,313.869943656027,99,39
250,64999.782224031,275,300,91,200,333,550,717,194,1057,1180,454.699858278036,667.068209638819,1136.50948433205,968.42400636524,269,55
73,65000.7982582859,52,181,523,559,572,799,708,726,709,925,187.474994361401,97.5893645780161,46.6602207161486,513.895450439304,216,602
43,65003.1920669828,282,244,266,257,237,994,631,217,306,505,152.104525826871,12.7256170846522,743.996230233461,855.535996612161,209,16
55,64995.681479705,49,319,445,795,858,766,774,1020,1023,774,463.48383128643,676.170969917439,838.911472354084,1186.10280510038,208,564
289,64997.503206899,149,258,538,714,438,152,360,590,984,372,555.828326381743,321.090978430584,822.903271671385,987.071681208909,215,470
299,64999.49971879,285,384,354,140,235,216,467,624,570,339,95.4446736723185,500.487914821133,452.691340819001,104.32429946959,54,637
285,65005.1509413737,233,58,171,668,815,554,319,373,259,343,146.261213719845,95.3779026865959,840.258457604796,361.346162762493,24,356
180,64999.817626984,186,62,587,497,595,372,797,458,516,1032,28.3665170893073,627.598946285434,830.811139382422,1173.05095754564,261,646
247,64998.4044841491,195,155,80,621,412,218,324,290,442,1141,148.034719191492,98.7606526119635,659.395596385002,779.146374855191,299,72
154,64997.1967571215,52,310,211,771,142,793,232,185,1137,707,108.156215399504,469.566965149716,86.3930149935186,632.507603801787,159,297
86,65000.0764100536,247,133,564,193,430,399,191,316,750,1124,36.2332133576274,280.044215498492,209.506218507886,238.327278569341,61,699
55,64996.0873078714,214,84,208,597,277,240,603,612,468,536,50.5008483305573,574.929445446469,235.813063848764,561.546839307994,160,514
287,64999.4605593353,211,120,514,695,472,368,418,959,569,971,49.6665211394429,38.1642940221354,963.082258589566,340.597600210458,119,282
85,64999.1434958863,47,279,73,229,819,330,443,384,1046,896,59.5213433727622,47.7923425380141,999.801729340106,167.66551444307,230,496
300,65003.0853805316,82,348,288,789,535,187,802,408,831,831,100.550098530948,167.52728940919,649.09518873319,282.423262763768,144,290
250,64995.4415750402,187,163,244,633,705,628,1046,826,915,667,527.677920646966,553.485067537986,395.433276984841,642.654126137495,223,100
243,65003.9737586125,87,131,278,267,431,731,573,541,612,702,296.036929823458,253.956993971951,1013.5373189114,615.398826263845,243,6
218,65000.2567542773,74,152,327,554,318,364,349,216,1237,866,451.600025035441,686.216916888952,206.87513211742,75.7713072001934,17,162
106,64999.5151990227,189,52,509,464,703,927,231,841,252,382,25.6260182708502,683.457608497702,317.793981637806,380.522882658988,213,615
106,64999.8339320758,252,362,89,220,479,301,243,639,910,1262,549.192003905773,579.814291908406,922.122162859887,392.000963911414,89,635
275,65002.3209365823,148,280,286,558,274,1013,582,861,335,281,98.5205616801977,358.114995225333,545.164658222347,739.926817640662,99,186
79,64999.3679232526,167,345,356,362,634,583,558,887,1155,974,450.350300781429,276.610826095566,434.960113093257,13.192680850625,272,667
181,64998.8380181167,72,296,297,134,708,924,833,486,1026,1097,60.5343660339713,567.973825451918,458.875339664519,120.586362853646,133,443
42,64998.532352642,238,299,429,532,471,1006,456,289,700,1193,796.495797298849,108.57250476256,268.823915440589,613.247139751911,35,319
194,65000.6081057526,162,110,572,755,130,537,468,418,468,1007,780.290005169809,233.89597882051,92.4790302291512,419.459734205157,33,597
62,64994.0116629964,177,182,288,407,233,150,298,257,610,1140,325.779411010444,361.909298575483,268.508415017277,315.659312903881,72,683
156,65002.1941222005,31,382,581,337,345,399,902,441,356,1062,114.986558444798,27.114657079801,836.310882680118,427.5355797261,28,264
